{"type":"FeatureCollection","features":[{"type":"Feature","properties":{"codes":["11"]},"geometry":{"type":"MultiPolygon","coordinates":[[[[97.0772,2.0791],[97.124,2.0058],[97.1544,2.0861],[97.0995,2.1136],[97.0772,2.0791]]],[[[96.6166,2.1132],[96.6352,2.0608],[96.6879,2.0864],[96.6629,2.1233],[96.6166,2.1132]]],[[[95.937,2.5245],[95.9643,2.5272],[95.9199,2.54],[95.937,2.5245]]],[[[96.3732,2.6479],[96.3964,2.645],[96.3548,2.6578],[96.3732,2.6479]]],[[[95.2389,5.851],[95.2851,5.7802],[95.3304,5.7728],[95.346,5.8272],[95.3753,5.8059],[95.3276,5.9009],[95.293,5.8385],[95.2162,5.9069],[95.2389,5.851]]],[[[95.0567,5.6472],[95.1436,5.666],[95.0688,5.7468],[95.0297,5.751],[95.011,5.7239],[95.0595,5.7198],[95.0387,5.7073],[95.0567,5.6472]]],[[[95.1276,5.6249],[95.1274,5.5946],[95.1944,5.6051],[95.1552,5.6599],[95.1276,5.6249]]],[[[97.2241,2.2216],[97.113,2.2148],[97.2341,2.1677],[97.3389,2.0333],[97.3598,2.0928],[97.3389,2.1648],[97.2979,2.2302],[97.2241,2.2216]]],[[[96.2465,2.3425],[96.2564,2.3732],[96.2169,2.359],[96.2465,2.3425]]],[[[95.7175,2.8124],[95.6958,2.7547],[95.7506,2.7295],[95.799,2.6292],[95.8594,2.6372],[95.9502,2.5692],[96.011,2.5907],[96.0756,2.5699],[96.2291,2.4417],[96.3147,2.4184],[96.3134,2.3864],[96.3359,2.3904],[96.3144,2.3595],[96.3441,2.3415],[96.4438,2.3285],[96.4987,2.3631],[96.4673,2.4608],[96.4093,2.5111],[96.3847,2.456],[96.3505,2.5461],[96.2526,2.5848],[96.1621,2.6783],[96.1829,2.6159],[96.1022,2.6499],[96.0923,2.684],[96.1516,2.6889],[96.1178,2.735],[96.08,2.7355],[96.0995,2.7542],[96.0268,2.756],[95.9165,2.8443],[95.8791,2.8327],[95.8768,2.8723],[95.9126,2.8454],[95.9039,2.8962],[95.8362,2.9154],[95.8362,2.8948],[95.7911,2.9289],[95.7629,2.8614],[95.7887,2.826],[95.7175,2.8124]]],[[[98.2524,4.2888],[98.2863,4.418],[98.0654,4.5537],[98.0396,4.527],[98.0396,4.5476],[97.9846,4.5355],[97.9757,4.5644],[98.019,4.61],[97.9638,4.6675],[97.9034,4.8904],[97.8454,4.9062],[97.6461,5.0747],[97.6545,5.1161],[97.5009,5.2481],[97.2017,5.141],[97.1425,5.1554],[97.148,5.193],[97.1031,5.2251],[96.9854,5.2616],[96.88,5.2493],[96.8507,5.2768],[96.6117,5.2098],[96.5008,5.2016],[96.4665,5.2374],[96.3915,5.2099],[96.0772,5.2941],[95.9216,5.4219],[95.8867,5.5048],[95.6153,5.627],[95.5182,5.5948],[95.4311,5.6563],[95.278,5.5507],[95.2251,5.5757],[95.1938,5.528],[95.2405,5.4682],[95.2527,5.3812],[95.2134,5.2801],[95.2429,5.2792],[95.2424,5.2216],[95.3065,5.1692],[95.3084,5.0805],[95.367,5.0261],[95.4122,4.8195],[95.4923,4.7513],[95.5403,4.6561],[95.5828,4.6568],[95.567,4.6266],[95.7281,4.5174],[96.0245,4.1941],[96.0459,4.2096],[96.1273,4.1238],[96.1674,4.127],[96.4965,3.7497],[96.7696,3.7388],[96.8682,3.69],[96.9034,3.6019],[97.0027,3.5458],[97.1693,3.2576],[97.2591,3.2197],[97.3163,3.0562],[97.3726,2.9863],[97.4449,2.9245],[97.5947,2.8785],[97.6492,2.6783],[97.6626,2.4029],[97.7782,2.24],[97.7999,2.2701],[97.8653,2.2483],[97.8968,2.2807],[97.8802,2.2435],[97.9481,2.2708],[98.1454,2.1533],[98.1876,2.3229],[98.0798,2.5274],[98.084,2.6323],[98.1292,2.6623],[98.0864,2.7375],[98.1117,2.7902],[98.0433,2.8264],[98.0068,2.8896],[97.9546,2.9015],[97.9306,3.0626],[97.9748,3.0699],[97.9806,3.1231],[97.9268,3.225],[97.8723,3.249],[97.9849,3.2756],[98.0274,3.3311],[97.9497,3.3915],[97.9319,3.4454],[97.9556,3.4814],[97.867,3.5749],[97.7995,3.7259],[97.9105,3.8229],[97.9043,3.9115],[97.949,3.8909],[98.0242,3.9726],[98.0736,4.1499],[98.0593,4.1907],[98.0948,4.2168],[98.0688,4.2556],[98.1998,4.3017],[98.2524,4.2888]]]]}},{"type":"Feature","properties":{"codes":["51"]},"geometry":{"type":"MultiPolygon","coordinates":[[[[115.4861,-8.7627],[115.5875,-8.8195],[115.6285,-8.7727],[115.5606,-8.6719],[115.4927,-8.6726],[115.4479,-8.7216],[115.4861,-8.7627]]],[[[115.4438,-8.6944],[115.471,-8.6676],[115.4271,-8.6829],[115.4438,-8.6944]]],[[[114.8434,-8.4374],[114.9396,-8.478],[115.1464,-8.6751],[115.1676,-8.7734],[115.0839,-8.8292],[115.1669,-8.8492],[115.2401,-8.8035],[115.2207,-8.7531],[115.2211,-8.7902],[115.1779,-8.7775],[115.1834,-8.7243],[115.2099,-8.7182],[115.2118,-8.7467],[115.2635,-8.7068],[115.2634,-8.6605],[115.3612,-8.5777],[115.4435,-8.5718],[115.5313,-8.5007],[115.6122,-8.5058],[115.7115,-8.3902],[115.454,-8.1627],[115.1848,-8.0616],[115.0005,-8.176],[114.8675,-8.1964],[114.6172,-8.1228],[114.5236,-8.1549],[114.4943,-8.0958],[114.4357,-8.0974],[114.4447,-8.1557],[114.4773,-8.1652],[114.4419,-8.1872],[114.4333,-8.1653],[114.4482,-8.219],[114.5819,-8.3981],[114.7347,-8.3964],[114.8434,-8.4374]]]]}},{"type":"Feature","properties":{"codes":["19"]},"geometry":{"type":"MultiPolygon","coordinates":[[[[107.5191,-3.1976],[107.5232,-3.255],[107.5523,-3.2029],[107.5191,-3.1976]]],[[[109.2391,-1.2436],[109.2705,-1.214],[109.2602,-1.182],[109.2268,-1.201],[109.2391,-1.2436]]],[[[108.8861,-1.5553],[108.7896,-1.5816],[108.8457,-1.5841],[108.8187,-1.6493],[108.8584,-1.678],[108.9828,-1.6024],[108.9383,-1.5495],[108.8861,-1.5553]]],[[[107.3387,-2.882],[107.411,-2.9468],[107.4118,-2.9191],[107.4703,-2.9081],[107.4867,-2.85],[107.4231,-2.8275],[107.3742,-2.8851],[107.3387,-2.882]]],[[[106.8751,-3.0314],[106.8964,-3.0301],[106.8931,-2.9293],[106.8029,-2.8862],[106.7306,-2.9272],[106.7091,-2.9672],[106.8231,-3.0331],[106.8751,-3.0314]]],[[[107.4285,-2.9457],[107.4541,-2.9826],[107.469,-2.9242],[107.4285,-2.9457]]],[[[107.5985,-2.8124],[107.5987,-2.8574],[107.5289,-2.921],[107.6155,-2.9135],[107.562,-3.0029],[107.6295,-3.1423],[107.5849,-3.1963],[107.608,-3.2425],[107.829,-3.1677],[107.8498,-3.1205],[107.8102,-3.0855],[107.8595,-3.0586],[107.8988,-3.096],[107.8855,-3.1163],[107.9713,-3.1802],[107.9849,-3.2724],[108.0803,-3.247],[108.0818,-3.1692],[108.2075,-3.1474],[108.1823,-3.1189],[108.2101,-3.0082],[108.2983,-2.8483],[108.2667,-2.7466],[108.0892,-2.6],[108.0415,-2.5979],[108.0249,-2.6434],[107.9899,-2.5721],[107.9031,-2.5748],[107.8161,-2.5264],[107.7611,-2.5575],[107.6688,-2.5543],[107.6287,-2.5951],[107.6302,-2.7473],[107.5808,-2.7962],[107.5985,-2.8124]]],[[[107.0213,-2.874],[107.0869,-2.9107],[107.0933,-2.8611],[107.0578,-2.8202],[107.0213,-2.874]]],[[[107.4021,-2.8126],[107.3713,-2.8231],[107.4357,-2.8163],[107.3841,-2.7986],[107.4021,-2.8126]]],[[[105.9509,-2.8126],[106.2765,-2.9004],[106.337,-2.9658],[106.4276,-2.9716],[106.5142,-3.1137],[106.5858,-3.0756],[106.7056,-3.0962],[106.7395,-3.0853],[106.7435,-3.0062],[106.6086,-2.9613],[106.6014,-2.8663],[106.7113,-2.6413],[106.8493,-2.571],[106.3797,-2.4729],[106.3008,-2.4199],[106.2369,-2.328],[106.156,-2.0896],[106.1508,-1.9929],[106.1867,-1.8968],[106.0313,-1.6845],[106.0486,-1.599],[105.9251,-1.5471],[105.9158,-1.5014],[105.4608,-1.5615],[105.321,-1.6965],[105.3787,-1.7224],[105.3876,-1.7993],[105.1272,-1.9576],[105.1262,-2.0733],[105.2276,-2.0649],[105.3045,-2.1517],[105.5605,-2.0832],[105.5919,-2.1213],[105.7266,-2.1259],[105.7879,-2.1692],[105.7881,-2.2472],[105.8269,-2.3141],[105.8027,-2.3647],[105.9357,-2.4763],[105.8868,-2.6429],[105.9509,-2.8126]]]]}},{"type":"Feature","properties":{"codes":["36"]},"geometry":{"type":"MultiPolygon","coordinates":[[[[105.8298,-5.9507],[105.8661,-5.968],[105.8587,-5.9384],[105.8298,-5.9507]]],[[[105.1836,-6.6487],[105.1827,-6.68],[105.218,-6.628],[105.2432,-6.6355],[105.2659,-6.5233],[105.1845,-6.5391],[105.0998,-6.6131],[105.1286,-6.6232],[105.169,-6.5746],[105.1836,-6.6487]]],[[[106.7262,-6.0889],[106.6791,-6.0126],[106.5779,-6.0317],[106.5352,-6.0105],[106.4813,-6.0467],[106.4117,-6.0257],[106.3558,-5.961],[106.325,-5.9859],[106.2554,-5.9571],[106.2189,-6.0208],[106.1683,-6.0382],[106.0979,-5.9818],[106.1009,-5.9121],[106.0413,-5.8757],[105.9922,-5.9227],[105.9733,-6.0157],[105.8828,-6.072],[105.8252,-6.2389],[105.8248,-6.4369],[105.7838,-6.5076],[105.7127,-6.5326],[105.6745,-6.5103],[105.6775,-6.476],[105.65,-6.4815],[105.6109,-6.6336],[105.507,-6.7298],[105.4691,-6.8277],[105.3897,-6.7415],[105.3704,-6.6465],[105.2635,-6.761],[105.2117,-6.7455],[105.2377,-6.836],[105.3262,-6.803],[105.4137,-6.8536],[105.4379,-6.8361],[105.5378,-6.8741],[105.6491,-6.8383],[105.8875,-6.8458],[105.9186,-6.8163],[106.0321,-6.8167],[106.27,-6.976],[106.3806,-6.9951],[106.436,-6.8198],[106.5263,-6.7679],[106.4666,-6.7509],[106.4294,-6.6821],[106.4011,-6.4528],[106.4547,-6.4269],[106.4256,-6.3495],[106.4693,-6.3036],[106.4901,-6.3549],[106.5297,-6.3469],[106.5156,-6.3244],[106.5939,-6.3628],[106.7698,-6.3614],[106.7456,-6.2308],[106.6882,-6.1725],[106.6876,-6.0969],[106.7262,-6.0889]]]]}},{"type":"Feature","properties":{"codes":["17"]},"geometry":{"type":"MultiPolygon","coordinates":[[[[102.0879,-5.3566],[102.2038,-5.4144],[102.2657,-5.5119],[102.2817,-5.4779],[102.3747,-5.4888],[102.3389,-5.4554],[102.3665,-5.4567],[102.3857,-5.3896],[102.2365,-5.3192],[102.1462,-5.2824],[102.0879,-5.3566]]],[[[101.0247,-2.4844],[101.1436,-2.6295],[101.3229,-2.7383],[101.403,-2.9251],[101.6164,-3.2397],[102.2312,-3.6767],[102.2476,-3.7934],[102.3023,-3.8691],[102.2818,-3.9011],[102.3072,-3.8909],[102.2919,-3.9238],[102.2656,-3.9144],[102.2918,-3.9752],[102.7956,-4.3543],[102.9005,-4.4889],[103.1514,-4.6003],[103.2841,-4.71],[103.3292,-4.809],[103.3819,-4.8018],[103.4131,-4.865],[103.4824,-4.8699],[103.5337,-4.9166],[103.5957,-4.9235],[103.7204,-4.8009],[103.7723,-4.803],[103.7734,-4.749],[103.6821,-4.728],[103.7051,-4.701],[103.686,-4.6338],[103.5979,-4.5912],[103.6361,-4.5545],[103.5721,-4.5006],[103.6252,-4.4249],[103.5997,-4.3581],[103.5125,-4.3761],[103.4605,-4.3204],[103.3654,-4.3152],[103.2963,-4.258],[103.1829,-4.2388],[103.1841,-4.1432],[103.1282,-4.0256],[102.8218,-3.9699],[102.6197,-3.8007],[102.7338,-3.7418],[102.7459,-3.6696],[102.8065,-3.6169],[102.8141,-3.5259],[102.9018,-3.615],[102.9563,-3.5676],[102.994,-3.5189],[102.9984,-3.37],[102.9014,-3.3804],[102.8978,-3.3328],[102.8119,-3.3364],[102.79,-3.2855],[102.6331,-3.3502],[102.586,-3.3287],[102.4918,-3.2448],[102.4623,-3.0727],[102.3899,-3.0443],[102.3225,-3.068],[102.253,-3.0333],[102.2179,-2.9294],[102.1326,-2.8759],[102.0603,-2.7625],[101.9897,-2.7231],[101.8614,-2.7244],[101.6704,-2.5287],[101.548,-2.5691],[101.5574,-2.449],[101.2925,-2.2771],[101.2446,-2.3449],[101.0247,-2.4844]]]]}},{"type":"Feature","properties":{"codes":["33"]},"geometry":{"type":"MultiPolygon","coordinates":[[[[108.8848,-6.8094],[108.8823,-6.8694],[108.8109,-6.9572],[108.8174,-7.0256],[108.8552,-7.0484],[108.834,-7.1474],[108.7532,-7.1937],[108.6817,-7.1796],[108.6209,-7.2121],[108.6411,-7.2704],[108.6148,-7.3752],[108.7184,-7.3857],[108.7758,-7.4749],[108.8097,-7.6028],[108.7849,-7.7366],[109.041,-7.7854],[109.0207,-7.7366],[109.0608,-7.6956],[109.2869,-7.7018],[109.3932,-7.7259],[109.4116,-7.7763],[109.5506,-7.7708],[110.032,-7.8954],[110.0626,-7.8131],[110.1297,-7.7484],[110.1173,-7.6709],[110.1414,-7.6449],[110.2607,-7.644],[110.2727,-7.7068],[110.4462,-7.5413],[110.4918,-7.7669],[110.5859,-7.8083],[110.6706,-7.7859],[110.7857,-7.817],[110.7556,-8.0247],[110.7859,-8.151],[110.83,-8.1362],[110.8348,-8.2031],[110.8972,-8.2118],[110.9541,-8.0697],[111.033,-8.0852],[111.0798,-8.0492],[111.1128,-8.0695],[111.141,-7.9388],[111.1839,-7.9218],[111.2512,-7.9504],[111.3132,-7.8525],[111.2843,-7.754],[111.1821,-7.7125],[111.1944,-7.6279],[111.1458,-7.5624],[111.1184,-7.4186],[111.1461,-7.2686],[111.2147,-7.2576],[111.4058,-7.3978],[111.4612,-7.3846],[111.4572,-7.3209],[111.4236,-7.3102],[111.4512,-7.2484],[111.4877,-7.2613],[111.5435,-7.2262],[111.6216,-7.1346],[111.5682,-7.0978],[111.5782,-6.959],[111.6772,-6.7415],[111.5634,-6.6387],[111.4937,-6.6203],[111.3804,-6.7023],[111.1505,-6.6555],[111.0617,-6.5155],[111.0465,-6.4263],[110.9178,-6.4028],[110.7251,-6.4327],[110.6446,-6.5556],[110.6346,-6.6782],[110.5821,-6.7334],[110.5512,-6.726],[110.5367,-6.769],[110.5758,-6.7708],[110.5587,-6.8047],[110.473,-6.9437],[110.4265,-6.9554],[110.3167,-6.9401],[110.1724,-6.8437],[109.995,-6.9227],[109.8661,-6.9145],[109.5753,-6.8367],[109.5213,-6.7723],[109.4417,-6.8404],[109.2915,-6.8734],[109.1194,-6.8469],[109.0682,-6.784],[108.9516,-6.8285],[108.8848,-6.8094]]],[[[110.4518,-5.8158],[110.4786,-5.8067],[110.41,-5.8409],[110.4484,-5.8894],[110.4942,-5.8188],[110.4866,-5.771],[110.4518,-5.8158]]]]}},{"type":"Feature","properties":{"codes":["62"]},"geometry":{"type":"Polygon","coordinates":[[[110.7314,-2.997],[110.8008,-2.977],[110.9713,-3.0668],[111.343,-2.9092],[111.4101,-2.9067],[111.4891,-2.9449],[111.5481,-3.0233],[111.6911,-2.9427],[111.7066,-2.9043],[111.6696,-2.8947],[111.7086,-2.8506],[111.8226,-3.0299],[111.813,-3.4174],[111.7674,-3.5035],[111.8435,-3.541],[111.9028,-3.5407],[112.2611,-3.3133],[112.3879,-3.3373],[112.5617,-3.4454],[112.9181,-3.2423],[113.0418,-3.1303],[112.992,-3.1649],[112.9425,-3.1121],[113.0463,-2.9737],[113.089,-3.0353],[113.1979,-3.0941],[113.3417,-3.2794],[113.3195,-3.2304],[113.3673,-3.2709],[113.4332,-3.1685],[113.5846,-3.1413],[113.6332,-3.297],[113.5813,-3.442],[113.6279,-3.4648],[113.8209,-3.4504],[114.0454,-3.3471],[114.0521,-3.3156],[114.176,-3.3925],[114.2433,-3.3686],[114.3119,-3.4509],[114.3498,-3.4559],[114.3977,-3.2568],[114.4783,-3.1268],[114.4976,-3.0006],[114.5911,-2.821],[114.6644,-2.8018],[114.6804,-2.7415],[114.7608,-2.7218],[114.8757,-2.464],[115.2408,-2.1984],[115.2912,-2.2263],[115.3247,-2.0849],[115.2782,-2.0012],[115.351,-1.9304],[115.3103,-1.8069],[115.4005,-1.4349],[115.5243,-1.4298],[115.6895,-1.3663],[115.8484,-1.1621],[115.7967,-1.111],[115.7565,-1.133],[115.5006,-0.8474],[115.3846,-0.8079],[115.3523,-0.582],[115.2457,-0.4452],[115.26,-0.3927],[115.2275,-0.297],[115.253,-0.2909],[115.238,-0.2374],[115.2699,-0.1464],[115.3215,-0.0947],[115.3008,-0.0319],[115.195,-0.0728],[115.0421,-0.1897],[114.9345,-0.1876],[114.895,0.0439],[114.7883,0.0967],[114.802,0.1788],[114.9079,0.3186],[115.0177,0.3301],[115.0501,0.3031],[115.1323,0.3876],[115.136,0.4296],[115.0075,0.6185],[114.9777,0.7485],[114.908,0.7954],[114.8642,0.7391],[114.8765,0.7018],[114.8236,0.7526],[114.711,0.7074],[114.6996,0.7294],[114.6152,0.6425],[114.5384,0.6314],[114.5189,0.5662],[114.4588,0.571],[114.4117,0.4965],[114.3156,0.5446],[114.1965,0.5425],[114.1483,0.588],[114.1725,0.6248],[114.155,0.6682],[114.1081,0.7026],[114.0051,0.6546],[113.8404,0.6682],[113.7713,0.5659],[113.6721,0.5045],[113.6583,0.4432],[113.4609,0.2807],[113.3434,0.2793],[113.271,0.2415],[113.4193,0.1254],[113.4171,-0.0451],[113.4405,-0.0637],[113.3969,-0.1249],[113.4091,-0.1619],[113.2841,-0.2424],[113.208,-0.3381],[113.2666,-0.4232],[113.218,-0.5032],[113.1429,-0.4462],[113.0624,-0.4997],[112.9918,-0.4876],[112.8453,-0.572],[112.7533,-0.5686],[112.7432,-0.6202],[112.6838,-0.6528],[112.4877,-0.6926],[112.4751,-0.7316],[112.4331,-0.6726],[112.3022,-0.7329],[112.2435,-0.6352],[112.1966,-0.6159],[112.1472,-0.6802],[112.1578,-0.7288],[112.0228,-0.7033],[112.0289,-0.7959],[111.9541,-0.8187],[111.9101,-0.7732],[111.919,-0.8714],[111.8725,-0.864],[111.8539,-0.9047],[111.7303,-0.9243],[111.6246,-0.9846],[111.622,-1.0482],[111.5537,-1.1106],[111.5734,-1.1998],[111.4089,-1.2405],[111.2787,-1.4253],[111.2201,-1.4087],[111.1851,-1.4322],[111.1918,-1.5143],[111.1472,-1.473],[111.1067,-1.4927],[111.1189,-1.5528],[111.0777,-1.563],[111.0588,-1.5363],[111.0139,-1.5631],[110.984,-1.5377],[110.8583,-1.6306],[110.8602,-1.6764],[110.9141,-1.7183],[110.9773,-1.6678],[111.0055,-1.6991],[110.9746,-1.9552],[111.0042,-1.9909],[111.0852,-1.9947],[111.0815,-2.0493],[111.0378,-2.074],[111.0796,-2.1586],[111.0325,-2.2441],[111.1039,-2.4247],[111.137,-2.6118],[111.1193,-2.6531],[111.1727,-2.6903],[111.1364,-2.7507],[111.0117,-2.7946],[110.9691,-2.8562],[110.7739,-2.926],[110.7314,-2.997]]]}},{"type":"Feature","properties":{"codes":["72"]},"geometry":{"type":"MultiPolygon","coordinates":[[[[123.8794,-2.0393],[123.8624,-2.0077],[123.8479,-2.068],[123.8794,-2.0393]]],[[[123.8601,-1.9995],[123.7835,-1.8792],[123.7848,-1.9827],[123.8246,-2.0268],[123.8601,-1.9995]]],[[[123.7397,-1.9554],[123.7219,-1.9069],[123.6971,-1.9534],[123.7397,-1.9554]]],[[[123.2858,-1.2383],[123.3003,-1.2834],[123.317,-1.1754],[123.2784,-1.197],[123.2858,-1.2383]]],[[[122.6102,-0.4924],[122.5254,-0.5022],[122.5637,-0.5199],[122.6102,-0.4924]]],[[[121.6715,-0.5273],[121.6591,-0.5769],[121.7403,-0.4953],[121.8309,-0.5326],[121.862,-0.5182],[121.8336,-0.4962],[121.8633,-0.4974],[121.8866,-0.5408],[121.919,-0.5186],[121.9188,-0.4472],[121.8673,-0.41],[121.7916,-0.4433],[121.7721,-0.4163],[121.6715,-0.5273]]],[[[121.8783,-0.3515],[121.8614,-0.3891],[121.9204,-0.4435],[122.0099,-0.3993],[122.0448,-0.4236],[122.0655,-0.3948],[122.0587,-0.3482],[122.0125,-0.3751],[121.968,-0.3261],[121.9283,-0.3365],[121.9703,-0.3656],[121.8783,-0.3515]]],[[[122.0614,-0.3515],[122.0851,-0.4307],[122.108,-0.4351],[122.0907,-0.3934],[122.1452,-0.4193],[122.091,-0.2719],[122.0614,-0.3515]]],[[[121.6407,-0.127],[121.5632,-0.1606],[121.5928,-0.2108],[121.651,-0.1944],[121.6407,-0.127]]],[[[120.5981,1.0555],[120.6748,1.0123],[120.628,1.0631],[120.5981,1.0555]]],[[[122.3439,-0.3093],[122.3967,-0.3899],[122.3678,-0.3308],[122.3802,-0.274],[122.2283,-0.2133],[122.3439,-0.3093]]],[[[122.1719,-0.2561],[122.2121,-0.2914],[122.2499,-0.2819],[122.1861,-0.2502],[122.2088,-0.21],[122.1478,-0.2417],[122.1719,-0.2561]]],[[[123.3248,-1.7637],[123.3841,-1.7227],[123.3776,-1.6728],[123.3092,-1.722],[123.2758,-1.7976],[123.3248,-1.7637]]],[[[123.5783,-1.7211],[123.6131,-1.6985],[123.6226,-1.6243],[123.6026,-1.5938],[123.5621,-1.6015],[123.5467,-1.4888],[123.5247,-1.4816],[123.5221,-1.5116],[123.5137,-1.4814],[123.4787,-1.5488],[123.4998,-1.5911],[123.4797,-1.6885],[123.5137,-1.7251],[123.5175,-1.7007],[123.5783,-1.7211]]],[[[123.0588,-1.8302],[123.0635,-1.9255],[123.149,-1.8185],[123.0958,-1.7602],[123.0588,-1.8302]]],[[[122.7919,-1.4062],[122.7921,-1.4841],[122.8199,-1.4833],[122.8504,-1.5782],[122.9038,-1.601],[123.0094,-1.5035],[123.1197,-1.2962],[123.1215,-1.3183],[123.1579,-1.3004],[123.1436,-1.3777],[123.169,-1.3874],[123.175,-1.5111],[123.1107,-1.6001],[123.1623,-1.6406],[123.2312,-1.6044],[123.2428,-1.6489],[123.2573,-1.4483],[123.2997,-1.4099],[123.3565,-1.5255],[123.3733,-1.5027],[123.4125,-1.5305],[123.4578,-1.5188],[123.4715,-1.467],[123.5257,-1.4301],[123.5597,-1.2815],[123.4442,-1.237],[123.431,-1.2705],[123.4059,-1.2193],[123.374,-1.2223],[123.2398,-1.3882],[123.1837,-1.3203],[123.1913,-1.2612],[123.2186,-1.27],[123.2488,-1.2291],[123.1901,-1.1508],[123.1644,-1.151],[123.1464,-1.2059],[123.106,-1.1611],[122.9713,-1.2159],[122.9108,-1.181],[122.8264,-1.2844],[122.7919,-1.4062]]],[[[122.1943,1.0344],[122.0635,1.0635],[121.9838,1.0221],[121.9266,1.1027],[121.7427,1.0591],[121.7113,1.0794],[121.7114,1.0364],[121.6661,1.0682],[121.6598,1.0337],[121.5106,1.0868],[121.4318,1.1644],[121.4139,1.2342],[121.4612,1.2512],[121.465,1.3072],[121.4027,1.2616],[121.2541,1.2304],[120.9958,1.34],[120.9421,1.3499],[120.8936,1.3036],[120.9033,1.3557],[120.8686,1.3176],[120.8075,1.3247],[120.8269,1.1823],[120.7887,1.1637],[120.7764,1.1085],[120.8085,1.0281],[120.719,0.9581],[120.6964,0.9868],[120.6874,0.9531],[120.6347,0.9395],[120.6095,0.8078],[120.5739,0.7694],[120.5926,0.7481],[120.5427,0.7568],[120.5344,0.7917],[120.4021,0.7901],[120.3733,0.8668],[120.3631,0.828],[120.3284,0.8515],[120.3544,0.9839],[120.2483,0.9595],[120.2391,0.8021],[120.0385,0.7175],[120.0152,0.6634],[120.0454,0.5137],[119.8823,0.459],[119.8857,0.3856],[119.8502,0.3266],[119.8919,0.2886],[119.9026,0.2207],[119.8084,0.2358],[119.771,0.2134],[119.8778,0.0811],[119.8829,-0.0223],[119.8395,-0.1018],[119.7717,-0.107],[119.731,-0.0206],[119.6658,0.0184],[119.6663,-0.0184],[119.6037,-0.0062],[119.7094,-0.141],[119.8101,-0.1373],[119.8177,-0.1981],[119.7511,-0.3674],[119.7581,-0.4914],[119.8233,-0.6892],[119.8602,-0.712],[119.8793,-0.8603],[119.8369,-0.8791],[119.7275,-0.6455],[119.661,-0.7168],[119.6799,-0.7688],[119.5516,-0.8612],[119.5496,-1.0065],[119.5867,-1.1196],[119.6097,-1.1204],[119.5811,-1.2561],[119.4708,-1.287],[119.5054,-1.3099],[119.4227,-1.3578],[119.5264,-1.4277],[119.6206,-1.395],[119.6942,-1.4503],[119.6566,-1.5031],[119.7759,-1.6933],[119.7549,-1.7564],[119.905,-1.8004],[119.9009,-1.8516],[119.8599,-1.8775],[119.8724,-1.9499],[119.8133,-2.0452],[119.8858,-2.0459],[119.9904,-1.9703],[120.0988,-1.9674],[120.1215,-2.0117],[120.3249,-2.0527],[120.3878,-1.8825],[120.5844,-2.1271],[120.6952,-2.2079],[120.9711,-2.2406],[121.3457,-2.3803],[121.4831,-2.4871],[121.7015,-2.5519],[121.8187,-2.764],[121.8934,-2.7931],[121.9495,-2.9431],[122.1054,-2.9651],[122.1201,-3.0125],[122.1916,-3.0326],[122.1904,-3.0943],[122.2725,-3.1348],[122.2967,-3.2179],[122.323,-3.2417],[122.3685,-3.227],[122.3567,-3.2529],[122.4048,-3.2434],[122.4238,-3.2807],[122.43,-3.1914],[122.4873,-3.1812],[122.4657,-3.1488],[122.3668,-3.1324],[122.2497,-3.0216],[122.3146,-2.9103],[122.2519,-2.8779],[122.2078,-2.8999],[122.1845,-2.8232],[122.0871,-2.7898],[122.0111,-2.7194],[122.035,-2.6569],[121.8242,-2.2917],[121.677,-2.1723],[121.5513,-2.1679],[121.5331,-2.0397],[121.5312,-2.0697],[121.5295,-2.0455],[121.4987,-2.054],[121.4094,-1.9063],[121.3428,-2.0056],[121.3511,-1.9502],[121.3124,-1.9296],[121.35,-1.8974],[121.3332,-1.8761],[121.363,-1.8747],[121.3447,-1.8432],[121.2956,-1.857],[121.2992,-1.798],[121.3238,-1.7683],[121.3724,-1.8084],[121.4569,-1.8106],[121.4485,-1.8672],[121.5043,-1.8968],[121.527,-1.8752],[121.5533,-1.9558],[121.6761,-1.9466],[121.7428,-1.8887],[121.8068,-1.7312],[121.8506,-1.6933],[121.8861,-1.7064],[121.8626,-1.67],[121.9051,-1.7015],[122.0308,-1.6116],[122.2184,-1.6026],[122.3913,-1.4948],[122.5598,-1.3139],[122.5612,-1.2672],[122.6325,-1.2361],[122.6664,-1.1396],[122.7148,-1.1341],[122.7965,-1.0076],[122.8023,-0.9419],[123.0061,-0.894],[123.0408,-0.9107],[123.039,-0.8677],[123.0579,-0.8989],[123.0992,-0.8348],[123.154,-0.8922],[123.1441,-0.954],[123.2541,-1.0097],[123.2674,-1.0445],[123.3472,-1.0384],[123.4584,-0.7687],[123.4263,-0.7432],[123.4414,-0.7077],[123.3774,-0.6706],[123.4118,-0.6559],[123.2585,-0.5792],[123.0582,-0.5646],[122.9544,-0.6449],[122.954,-0.618],[122.8966,-0.6157],[122.8795,-0.6399],[122.8066,-0.6346],[122.7766,-0.6716],[122.7235,-0.6634],[122.9607,-0.7547],[122.7904,-0.7755],[122.725,-0.8133],[122.616,-0.7619],[122.5782,-0.7845],[122.4602,-0.7593],[122.4153,-0.7849],[122.2021,-0.7883],[122.1615,-0.8173],[122.1242,-0.9441],[122.099,-0.9627],[122.0062,-0.9371],[121.9564,-0.992],[121.7066,-0.9459],[121.6597,-0.9115],[121.6657,-0.8075],[121.6346,-0.8039],[121.5921,-0.8261],[121.5892,-0.8655],[121.4868,-0.8935],[121.4483,-0.9736],[121.3038,-1.1011],[121.0997,-1.4381],[120.9799,-1.4],[120.8633,-1.4135],[120.8235,-1.3535],[120.6857,-1.419],[120.6404,-1.3135],[120.5729,-1.2479],[120.5858,-1.1043],[120.5064,-0.9949],[120.4575,-0.9838],[120.4095,-0.922],[120.3113,-0.9665],[120.1129,-0.7407],[120.0586,-0.6301],[120.072,-0.4551],[120.0069,-0.2749],[120.0343,-0.0662],[120.0946,-0.0326],[120.1356,0.1932],[120.3578,0.4531],[120.506,0.5121],[120.6469,0.5213],[120.7707,0.4567],[120.8109,0.4748],[120.8979,0.3961],[121.0274,0.4389],[121.0783,0.3982],[121.1457,0.4105],[121.1737,0.4597],[121.3518,0.4925],[121.3352,0.5751],[121.2766,0.5828],[121.156,0.6798],[121.2136,0.7882],[121.3641,0.8004],[121.3532,0.8485],[121.4947,0.8366],[121.858,0.9804],[121.9814,0.9048],[122.0333,0.9731],[122.1943,1.0344]]]]}},{"type":"Feature","properties":{"codes":["35"]},"geometry":{"type":"MultiPolygon","coordinates":[[[[113.396,-8.4941],[113.4203,-8.4691],[113.3977,-8.455],[113.2975,-8.4444],[113.2642,-8.4872],[113.3099,-8.5105],[113.396,-8.4941]]],[[[112.7277,-5.7615],[112.6869,-5.7157],[112.6434,-5.7316],[112.5794,-5.7893],[112.5766,-5.8444],[112.6208,-5.8713],[112.6295,-5.8429],[112.7112,-5.8478],[112.7277,-5.7615]]],[[[114.4309,-5.551],[114.4008,-5.5351],[114.3944,-5.5684],[114.4348,-5.5877],[114.4546,-5.5653],[114.4309,-5.551]]],[[[113.7697,-7.225],[113.8123,-7.2191],[113.7546,-7.206],[113.7697,-7.225]]],[[[115.8951,-7.1875],[115.8942,-7.1645],[115.7414,-7.1526],[115.828,-7.2064],[115.8951,-7.1875]]],[[[110.8972,-8.2118],[111.0279,-8.2568],[111.0933,-8.2215],[111.1535,-8.2848],[111.2603,-8.2478],[111.2916,-8.2746],[111.4296,-8.2595],[111.4551,-8.3205],[111.6167,-8.3202],[111.6254,-8.3536],[111.7022,-8.3834],[111.7119,-8.2927],[111.7541,-8.3399],[111.7817,-8.3248],[111.7743,-8.2602],[111.8422,-8.282],[111.8403,-8.2587],[111.8991,-8.3042],[111.9502,-8.2774],[112.0341,-8.3193],[112.2148,-8.3232],[112.2635,-8.3503],[112.3348,-8.3329],[112.3726,-8.375],[112.5571,-8.4026],[112.6518,-8.4485],[112.7577,-8.4206],[112.7718,-8.3873],[112.8142,-8.4007],[112.8348,-8.3696],[112.8481,-8.4055],[112.9166,-8.3986],[112.9767,-8.3275],[113.0765,-8.2884],[113.2302,-8.2825],[113.3299,-8.3202],[113.3896,-8.4005],[113.4748,-8.3844],[113.4856,-8.4158],[113.6406,-8.4557],[113.6473,-8.4949],[113.7174,-8.485],[113.7125,-8.5282],[113.7953,-8.4891],[113.8075,-8.5562],[113.8321,-8.5273],[113.9055,-8.5776],[113.9481,-8.5597],[113.9583,-8.6133],[114.0151,-8.5899],[114.0489,-8.6463],[114.095,-8.6149],[114.2207,-8.6451],[114.2458,-8.5998],[114.3125,-8.6211],[114.3726,-8.6772],[114.342,-8.7389],[114.3693,-8.7506],[114.5319,-8.7808],[114.589,-8.7626],[114.6056,-8.7166],[114.5614,-8.6556],[114.4809,-8.6179],[114.4391,-8.6305],[114.3897,-8.4479],[114.3715,-8.5435],[114.3443,-8.5216],[114.365,-8.2837],[114.4312,-8.0587],[114.4218,-7.9199],[114.4646,-7.8857],[114.4388,-7.7895],[114.2927,-7.7472],[114.2401,-7.6979],[114.1078,-7.7068],[114.0373,-7.6041],[113.9308,-7.7008],[113.84,-7.6849],[113.7615,-7.7383],[113.7126,-7.7065],[113.6666,-7.7368],[113.4904,-7.6971],[113.2792,-7.7832],[113.2287,-7.7254],[113.1511,-7.7408],[113.0287,-7.6446],[112.9083,-7.6286],[112.8122,-7.479],[112.8401,-7.4807],[112.8431,-7.2767],[112.7643,-7.196],[112.7357,-7.1959],[112.7381,-7.2221],[112.7015,-7.1957],[112.7195,-7.2319],[112.6676,-7.2207],[112.6899,-7.1883],[112.6602,-7.2079],[112.6726,-7.1697],[112.6215,-7.1219],[112.653,-7.0418],[112.599,-6.9566],[112.5955,-6.9132],[112.6198,-6.9097],[112.5467,-6.8356],[112.5144,-6.9068],[112.3584,-6.8635],[112.1213,-6.9016],[112.0509,-6.8852],[111.9653,-6.7623],[111.8437,-6.8012],[111.6772,-6.7415],[111.5782,-6.959],[111.5682,-7.0978],[111.6216,-7.1346],[111.5435,-7.2262],[111.4877,-7.2613],[111.4512,-7.2484],[111.4236,-7.3102],[111.4572,-7.3209],[111.4612,-7.3846],[111.4058,-7.3978],[111.2147,-7.2576],[111.1461,-7.2686],[111.1184,-7.4186],[111.1458,-7.5624],[111.1944,-7.6279],[111.1821,-7.7125],[111.2843,-7.754],[111.3132,-7.8525],[111.2512,-7.9504],[111.1839,-7.9218],[111.141,-7.9388],[111.1128,-8.0695],[111.0798,-8.0492],[111.033,-8.0852],[110.9541,-8.0697],[110.8972,-8.2118]]],[[[113.9061,-7.21],[113.9564,-7.231],[113.9269,-7.1746],[113.8831,-7.1939],[113.9061,-7.21]]],[[[113.9396,-7.0628],[113.9416,-7.0896],[114.065,-7.1099],[114.0493,-7.0744],[113.9396,-7.0628]]],[[[114.2728,-7.0887],[114.3133,-7.1601],[114.4063,-7.1699],[114.337,-7.0577],[114.2728,-7.0887]]],[[[114.4963,-7.1368],[114.4811,-7.1572],[114.5105,-7.1533],[114.4963,-7.1368]]],[[[114.5544,-7.1312],[114.5145,-7.1432],[114.6166,-7.1521],[114.5544,-7.1312]]],[[[113.9061,-7.0495],[113.9479,-7.0522],[113.9166,-7.013],[113.9572,-7.0472],[113.9894,-7.0089],[114.1255,-6.9778],[114.1007,-6.9341],[113.9097,-6.8634],[113.5066,-6.8973],[113.0114,-6.8806],[112.8271,-6.9071],[112.7866,-6.9867],[112.7234,-7.0385],[112.6825,-7.0317],[112.6735,-7.0713],[112.7226,-7.1757],[112.8651,-7.1628],[113.1002,-7.2292],[113.1526,-7.2047],[113.1709,-7.2277],[113.4701,-7.2216],[113.5098,-7.254],[113.6058,-7.1263],[113.889,-7.1336],[113.8663,-7.0925],[113.9061,-7.0495]]],[[[115.5341,-7.0313],[115.535,-6.9953],[115.5052,-7.0142],[115.5341,-7.0313]]],[[[114.1835,-7.001],[114.1776,-6.9646],[114.1612,-6.9985],[114.1835,-7.001]]],[[[115.6472,-6.9948],[115.683,-7.0137],[115.5893,-6.9415],[115.565,-6.9603],[115.6472,-6.9948]]],[[[115.3124,-6.949],[115.3333,-6.9957],[115.4042,-6.9889],[115.3204,-6.9221],[115.3632,-6.9237],[115.3692,-6.8934],[115.4163,-6.9424],[115.454,-6.9056],[115.5467,-6.9626],[115.5759,-6.9319],[115.407,-6.8378],[115.2322,-6.8332],[115.2534,-6.8626],[115.2104,-6.8911],[115.211,-6.9369],[115.2716,-6.9339],[115.2642,-6.9866],[115.2927,-7.0126],[115.284,-6.9679],[115.3124,-6.949]]]]}},{"type":"Feature","properties":{"codes":["64"]},"geometry":{"type":"MultiPolygon","coordinates":[[[[115.7563,-1.3033],[115.7078,-1.4149],[115.6711,-1.4438],[115.6746,-1.3944],[115.6474,-1.3878],[115.5368,-1.5317],[115.6367,-1.5469],[115.6291,-1.6062],[115.7266,-1.787],[115.7,-1.9867],[115.7297,-2.0077],[115.7065,-2.0358],[115.8183,-2.0663],[115.7812,-2.1977],[115.8363,-2.3013],[115.8356,-2.3867],[115.8883,-2.3792],[115.8959,-2.3384],[115.9669,-2.2926],[116.0114,-2.3248],[116.4348,-2.3708],[116.5538,-2.4191],[116.5868,-2.1693],[116.5457,-2.2091],[116.5038,-2.1087],[116.4353,-2.1328],[116.3488,-2.1135],[116.4603,-2.0508],[116.4575,-1.9167],[116.4207,-1.8639],[116.4513,-1.7687],[116.3876,-1.7581],[116.2645,-1.8097],[116.2094,-1.7765],[116.2505,-1.781],[116.3151,-1.7006],[116.5352,-1.6208],[116.5595,-1.6012],[116.5451,-1.4584],[116.7618,-1.3585],[116.7786,-1.2448],[116.7098,-1.2158],[116.7667,-1.187],[116.7013,-1.0859],[116.7209,-1.0968],[116.7769,-0.9795],[116.7291,-1.1021],[116.781,-1.1464],[116.7839,-1.2124],[116.8193,-1.2007],[116.811,-1.2823],[116.884,-1.2768],[117.0039,-1.1964],[117.1973,-0.932],[117.2948,-0.8714],[117.3399,-0.9116],[117.4059,-0.8751],[117.4419,-0.8931],[117.4463,-0.8058],[117.4881,-0.8399],[117.6119,-0.7733],[117.6047,-0.7268],[117.5152,-0.7363],[117.4621,-0.6937],[117.5294,-0.6894],[117.5248,-0.6531],[117.5626,-0.649],[117.5809,-0.4847],[117.6277,-0.4243],[117.6021,-0.4064],[117.5575,-0.4333],[117.4918,-0.3293],[117.4527,-0.3523],[117.4167,-0.2232],[117.5187,-0.031],[117.5193,0.0253],[117.4897,0.0412],[117.5121,0.0577],[117.4673,0.0463],[117.4578,0.1009],[117.4863,0.0834],[117.4782,0.11],[117.5223,0.125],[117.4784,0.1577],[117.5278,0.2215],[117.5536,0.4219],[117.6057,0.42],[117.6057,0.4879],[117.6734,0.6165],[117.7101,0.6243],[117.7197,0.7076],[117.8096,0.7964],[117.9158,0.8363],[117.9678,0.7773],[118.0301,0.7814],[117.9702,0.9555],[117.9987,0.9932],[118.0634,0.9038],[118.3067,0.8521],[118.3858,0.8021],[118.4498,0.8372],[118.5922,0.8115],[118.67,0.8564],[118.71,0.813],[118.7924,0.8008],[118.9652,0.9428],[118.9779,1.0366],[118.918,1.0649],[118.8363,1.0529],[118.7744,1.1561],[118.7224,1.1554],[118.7638,1.1593],[118.7693,1.1968],[118.714,1.2492],[118.5661,1.3622],[118.4853,1.3631],[118.4276,1.4326],[118.3758,1.4255],[118.4234,1.4482],[118.4106,1.4869],[118.1342,1.635],[118.0533,1.7298],[118.0488,1.7826],[117.9364,1.8021],[117.8607,1.874],[117.8788,1.9729],[117.7609,2.0189],[117.9078,2.0406],[117.9138,2.0985],[117.9575,2.1198],[117.9253,2.1404],[117.9365,2.179],[118.0214,2.1973],[118.1023,2.2845],[118.0451,2.3801],[118.0244,2.3583],[118.0015,2.4352],[117.9509,2.385],[117.8764,2.3921],[117.8269,2.3267],[117.7636,2.3286],[117.6302,2.5189],[117.515,2.5247],[117.4155,2.6087],[117.2524,2.5783],[117.0946,2.5976],[117.0374,2.5236],[116.8618,2.4643],[116.8115,2.3787],[116.7414,2.532],[116.6284,2.4188],[116.5093,2.458],[116.4855,2.2864],[116.3384,2.2895],[116.2996,2.2332],[116.355,2.1567],[116.297,2.1033],[116.228,2.0909],[116.2371,2.0161],[116.2039,1.9894],[116.196,1.8467],[116.1354,1.6608],[116.0859,1.6598],[116.0439,1.6061],[116.0478,1.5559],[115.8687,1.4446],[115.8452,1.3794],[115.7771,1.3579],[115.7185,1.2684],[115.6383,1.2863],[115.436,1.2234],[115.372,1.0665],[115.205,1.0639],[115.1767,1.1169],[115.0151,1.1241],[114.99,1.1916],[114.937,1.1817],[114.8942,1.2145],[114.844,1.1696],[114.7225,1.268],[114.6975,1.3577],[114.6155,1.3639],[114.5622,1.4322],[114.4093,1.5209],[114.1523,1.3846],[114.1608,1.2664],[114.1167,1.1543],[113.9861,1.1442],[113.9415,1.0628],[113.8942,1.0518],[113.9183,0.9867],[113.8746,0.8928],[113.9262,0.8376],[113.8404,0.6682],[114.0051,0.6546],[114.1081,0.7026],[114.1653,0.6474],[114.1483,0.588],[114.2122,0.5347],[114.3156,0.5446],[114.4117,0.4965],[114.4588,0.571],[114.5189,0.5662],[114.5384,0.6314],[114.6152,0.6425],[114.6996,0.7294],[114.711,0.7074],[114.8236,0.7526],[114.8765,0.7018],[114.8642,0.7391],[114.908,0.7954],[114.9777,0.7485],[115.0075,0.6185],[115.136,0.4296],[115.1323,0.3876],[115.0501,0.3031],[115.0177,0.3301],[114.9079,0.3186],[114.802,0.1788],[114.7883,0.0967],[114.895,0.0439],[114.9345,-0.1876],[115.0421,-0.1897],[115.195,-0.0728],[115.3008,-0.0319],[115.3215,-0.0947],[115.2699,-0.1464],[115.238,-0.2374],[115.253,-0.2909],[115.2275,-0.297],[115.26,-0.3927],[115.2457,-0.4452],[115.3523,-0.582],[115.3899,-0.8156],[115.5006,-0.8474],[115.7565,-1.133],[115.7967,-1.111],[115.847,-1.1547],[115.7702,-1.2299],[115.7563,-1.3033]]],[[[118.504,1.3806],[118.5295,1.3904],[118.4583,1.4635],[118.504,1.3806]]],[[[118.5503,2.1396],[118.5253,2.1621],[118.5055,2.1363],[118.5615,2.1159],[118.5503,2.1396]]],[[[118.6531,2.1633],[118.5855,2.2254],[118.5697,2.3047],[118.6373,2.2525],[118.569,2.3122],[118.5635,2.2421],[118.6531,2.1633]]]]}},{"type":"Feature","properties":{"codes":["53"]},"geometry":{"type":"MultiPolygon","coordinates":[[[[121.8461,-10.4627],[121.8334,-10.4987],[121.6843,-10.5777],[121.8384,-10.6258],[121.9863,-10.5508],[121.9992,-10.4429],[121.9036,-10.4189],[121.8461,-10.4627]]],[[[122.6409,-10.8092],[122.6866,-10.8335],[122.6678,-10.7989],[122.6409,-10.8092]]],[[[123.0468,-10.726],[122.8584,-10.7592],[122.8348,-10.7763],[122.8737,-10.83],[122.8104,-10.7818],[122.8252,-10.9243],[122.9117,-10.9254],[122.9723,-10.8684],[123.0862,-10.859],[123.1329,-10.8156],[123.2223,-10.8284],[123.2533,-10.7344],[123.4265,-10.6576],[123.4165,-10.6088],[123.3379,-10.5847],[123.3777,-10.5767],[123.357,-10.5447],[123.3862,-10.5599],[123.4414,-10.4921],[123.3672,-10.5458],[123.4,-10.5058],[123.3833,-10.4884],[123.426,-10.4725],[123.3741,-10.4316],[123.3697,-10.4787],[123.2638,-10.5212],[123.2187,-10.5846],[123.3323,-10.5796],[123.2628,-10.6095],[123.1945,-10.5939],[123.1781,-10.6374],[123.1289,-10.6439],[123.0468,-10.726]]],[[[120.2691,-8.883],[120.2724,-8.9152],[120.3058,-8.9004],[120.2985,-8.8732],[120.2691,-8.883]]],[[[119.5774,-8.6479],[119.5372,-8.6688],[119.5604,-8.6948],[119.605,-8.633],[119.5774,-8.6479]]],[[[119.6513,-8.789],[119.6312,-8.8068],[119.6676,-8.8164],[119.6513,-8.789]]],[[[119.6155,-8.7892],[119.7166,-8.7934],[119.7333,-8.7561],[119.6884,-8.7199],[119.7119,-8.6782],[119.7454,-8.6981],[119.7995,-8.6568],[119.8018,-8.6189],[119.7187,-8.6216],[119.7151,-8.6571],[119.6878,-8.6383],[119.709,-8.6706],[119.6732,-8.6887],[119.6628,-8.6123],[119.6149,-8.6087],[119.6424,-8.6587],[119.6242,-8.682],[119.6615,-8.6822],[119.6601,-8.7075],[119.6176,-8.7078],[119.6337,-8.7424],[119.6059,-8.7336],[119.6155,-8.7892]]],[[[120.1942,-10.3234],[120.2122,-10.3032],[120.1711,-10.3171],[120.1942,-10.3234]]],[[[123.4273,-10.1262],[123.3008,-10.2713],[123.3217,-10.3389],[123.366,-10.3043],[123.4082,-10.3354],[123.4185,-10.2596],[123.391,-10.2074],[123.4276,-10.2305],[123.5056,-10.1783],[123.4538,-10.1152],[123.4273,-10.1262]]],[[[119.6851,-9.8437],[119.7836,-9.9225],[119.8576,-9.9207],[119.9063,-9.9748],[119.9498,-9.9741],[120.0188,-10.0791],[120.0098,-10.1241],[120.0459,-10.1254],[120.1652,-10.2403],[120.3465,-10.2486],[120.4541,-10.3174],[120.5282,-10.2418],[120.6082,-10.2538],[120.6853,-10.2249],[120.8421,-10.0886],[120.7931,-10.1261],[120.84,-10.0814],[120.8407,-10.0167],[120.781,-9.9457],[120.6772,-9.8979],[120.5603,-9.6979],[120.5041,-9.6856],[120.4661,-9.6152],[120.3241,-9.6699],[120.2509,-9.6468],[120.2113,-9.4913],[120.0832,-9.4686],[119.9357,-9.2759],[119.7966,-9.3996],[119.6235,-9.3452],[119.5338,-9.3785],[119.2997,-9.3569],[119.2197,-9.3912],[119.1703,-9.3767],[118.9986,-9.4499],[118.9312,-9.5373],[119.0263,-9.6752],[119.1858,-9.7585],[119.3032,-9.7446],[119.395,-9.7972],[119.46,-9.7412],[119.6177,-9.7621],[119.6211,-9.8009],[119.6732,-9.7825],[119.6851,-9.8437]]],[[[124.95,-8.9581],[124.7297,-9.0657],[124.6991,-9.0533],[124.6737,-9.1205],[124.6154,-9.154],[124.53,-9.1905],[124.4763,-9.1742],[124.4616,-9.3008],[124.3796,-9.3569],[124.3548,-9.4852],[124.2795,-9.5033],[124.2864,-9.4501],[124.2349,-9.3748],[124.1345,-9.4261],[124.043,-9.336],[123.9805,-9.3521],[123.8707,-9.4755],[123.795,-9.4909],[123.787,-9.5427],[123.6733,-9.6294],[123.6806,-9.7475],[123.6424,-9.7746],[123.6683,-9.8535],[123.5785,-9.9415],[123.5918,-10.0409],[123.6993,-10.0078],[123.7627,-10.0341],[123.7558,-10.0927],[123.5328,-10.1755],[123.5267,-10.2166],[123.4885,-10.225],[123.5012,-10.2739],[123.459,-10.3582],[123.5432,-10.3279],[123.6119,-10.3703],[123.7986,-10.3555],[124.0188,-10.2732],[124.1736,-10.1272],[124.2216,-10.1565],[124.1694,-10.1541],[124.2143,-10.1652],[124.4045,-10.167],[124.5028,-10.0987],[124.5491,-10.0098],[124.7508,-9.8813],[124.846,-9.7396],[124.9841,-9.6381],[124.9935,-9.5667],[124.9785,-9.6051],[124.9464,-9.5664],[124.9591,-9.5364],[125.0078,-9.5167],[124.9938,-9.5591],[125.0879,-9.4618],[125.0512,-9.3288],[124.9943,-9.2899],[124.9829,-9.1911],[125.0523,-9.1688],[125.0981,-9.2005],[125.1926,-9.1565],[125.171,-9.123],[125.1872,-9.0291],[125.1137,-8.9657],[125.0769,-9.0222],[124.9808,-9.0671],[124.9318,-9.0275],[124.95,-8.9581]]],[[[119.4535,-8.4374],[119.4203,-8.449],[119.449,-8.4911],[119.4125,-8.5022],[119.4233,-8.5514],[119.3738,-8.5849],[119.3738,-8.6308],[119.4097,-8.6468],[119.3766,-8.7382],[119.4442,-8.7512],[119.4716,-8.7366],[119.452,-8.7449],[119.4335,-8.6755],[119.4936,-8.6203],[119.4544,-8.603],[119.5068,-8.5686],[119.5194,-8.6023],[119.5746,-8.5953],[119.5504,-8.5324],[119.5717,-8.4892],[119.4842,-8.4866],[119.4535,-8.4374]]],[[[122.9757,-8.4375],[122.8826,-8.5286],[122.8867,-8.6094],[122.937,-8.5951],[123.0222,-8.4764],[123.0789,-8.4885],[123.1682,-8.4362],[122.9757,-8.4375]]],[[[120.9376,-8.9348],[121.0366,-8.9557],[121.1795,-8.8855],[121.3408,-8.9062],[121.3882,-8.7889],[121.5879,-8.8021],[121.6412,-8.8399],[121.6434,-8.9059],[121.6706,-8.8482],[121.7762,-8.8826],[122.0302,-8.7951],[122.1153,-8.7298],[122.4213,-8.7446],[122.6722,-8.6227],[122.7803,-8.6123],[122.8447,-8.5625],[122.7778,-8.4208],[122.8878,-8.4487],[122.8786,-8.3842],[122.9137,-8.3285],[122.9646,-8.3519],[123.0204,-8.317],[122.9522,-8.1961],[122.9714,-8.1334],[122.8667,-8.0634],[122.7826,-8.1078],[122.7322,-8.2268],[122.7878,-8.2353],[122.8198,-8.1873],[122.9006,-8.1752],[122.94,-8.1995],[122.8932,-8.2777],[122.8108,-8.2981],[122.7656,-8.3633],[122.597,-8.393],[122.5512,-8.4652],[122.4929,-8.4744],[122.5177,-8.5467],[122.4749,-8.6084],[122.2956,-8.6425],[122.1049,-8.5294],[122.0158,-8.5297],[122.024,-8.4404],[121.7997,-8.5107],[121.6781,-8.5118],[121.6199,-8.4715],[121.6137,-8.5563],[121.5711,-8.5307],[121.5779,-8.5752],[121.5056,-8.6144],[121.4763,-8.5642],[121.4187,-8.592],[121.3437,-8.5474],[121.3078,-8.4796],[121.0244,-8.4135],[120.9632,-8.3704],[120.9785,-8.3466],[120.9448,-8.3441],[120.9463,-8.3725],[120.9407,-8.3486],[120.8839,-8.3717],[120.8814,-8.3494],[120.7348,-8.3493],[120.5937,-8.2544],[120.5892,-8.2976],[120.5296,-8.2728],[120.4655,-8.2952],[120.4283,-8.241],[120.3712,-8.2939],[120.2026,-8.3046],[120.1656,-8.3823],[120.1417,-8.395],[120.1213,-8.3565],[120.1033,-8.4516],[120.0949,-8.4073],[120.0728,-8.4192],[120.0865,-8.3879],[120.044,-8.4007],[120.0754,-8.377],[120.0193,-8.3841],[119.9924,-8.4628],[119.9692,-8.4282],[119.9081,-8.4758],[119.8573,-8.43],[119.8781,-8.5049],[119.8053,-8.5707],[119.7965,-8.7413],[119.8331,-8.8064],[119.8907,-8.8127],[119.9062,-8.8669],[119.9433,-8.8208],[120.153,-8.7842],[120.2771,-8.8536],[120.3673,-8.8153],[120.5961,-8.8152],[120.6465,-8.8674],[120.7463,-8.8938],[120.8383,-8.8295],[120.9376,-8.9348]]],[[[119.8606,-8.4017],[119.8776,-8.38],[119.8389,-8.3791],[119.8606,-8.4017]]],[[[124.3218,-8.2874],[124.3302,-8.3239],[124.3736,-8.3066],[124.3546,-8.2749],[124.3218,-8.2874]]],[[[124.3541,-8.4376],[124.4193,-8.4596],[124.5028,-8.4162],[124.5858,-8.4338],[124.6577,-8.3905],[124.7877,-8.4014],[124.889,-8.3638],[125.0628,-8.3564],[125.14,-8.3192],[125.1413,-8.2372],[125.092,-8.1466],[124.8746,-8.1683],[124.7491,-8.1468],[124.6071,-8.1971],[124.6048,-8.1266],[124.4785,-8.1296],[124.4,-8.2198],[124.4067,-8.2786],[124.5043,-8.22],[124.5678,-8.2184],[124.4069,-8.2973],[124.3423,-8.3915],[124.3541,-8.4376]]],[[[123.924,-8.3801],[123.954,-8.3477],[123.9008,-8.3627],[123.924,-8.3801]]],[[[122.3343,-8.4374],[122.3554,-8.4883],[122.4151,-8.4769],[122.4153,-8.4358],[122.3343,-8.4374]]],[[[123.3097,-8.4374],[123.2085,-8.515],[123.2215,-8.5545],[123.3174,-8.527],[123.3932,-8.586],[123.4908,-8.5151],[123.5464,-8.5716],[123.5872,-8.5308],[123.5531,-8.4701],[123.6202,-8.4058],[123.6761,-8.4275],[123.7665,-8.2881],[123.924,-8.2452],[123.7825,-8.1705],[123.6979,-8.2179],[123.7131,-8.2408],[123.6852,-8.2599],[123.6518,-8.2538],[123.6491,-8.2176],[123.6051,-8.2198],[123.6353,-8.2913],[123.6003,-8.3189],[123.6021,-8.2871],[123.5739,-8.2959],[123.5971,-8.3325],[123.5524,-8.3688],[123.4933,-8.3602],[123.5575,-8.2406],[123.4236,-8.2752],[123.4091,-8.2522],[123.3448,-8.3049],[123.4145,-8.2841],[123.4772,-8.34],[123.3097,-8.4374]]],[[[122.2979,-8.3564],[122.2757,-8.3676],[122.3219,-8.3469],[122.2979,-8.3564]]],[[[121.7399,-8.3215],[121.7071,-8.2927],[121.6757,-8.3372],[121.7254,-8.3547],[121.7399,-8.3215]]],[[[123.9144,-8.4376],[123.9442,-8.4601],[123.9818,-8.4201],[124.0336,-8.4204],[124.0561,-8.5442],[124.1424,-8.538],[124.212,-8.4613],[124.247,-8.3617],[124.3021,-8.3298],[124.3222,-8.1831],[124.2501,-8.1933],[124.1039,-8.3641],[124.119,-8.3925],[124.0592,-8.293],[123.9648,-8.348],[123.9144,-8.4376]]],[[[123.0646,-8.4121],[123.2896,-8.3907],[123.3335,-8.2696],[123.2431,-8.2258],[123.142,-8.2339],[123.0108,-8.3381],[123.0012,-8.4104],[123.0646,-8.4121]]]]}},{"type":"Feature","properties":{"codes":["75"]},"geometry":{"type":"MultiPolygon","coordinates":[[[[122.8553,0.8956],[122.8933,0.853],[122.8912,0.889],[122.8553,0.8956]]],[[[121.3367,0.4739],[121.522,0.4957],[121.5069,0.5326],[121.5324,0.5553],[121.7209,0.5213],[121.804,0.4096],[122.1291,0.4929],[122.27,0.4749],[122.4015,0.526],[122.6424,0.4742],[122.6521,0.5167],[122.6929,0.4718],[123.0468,0.4902],[123.0618,0.5206],[123.2283,0.3484],[123.3454,0.3062],[123.4588,0.3375],[123.4781,0.3157],[123.5478,0.4322],[123.5211,0.4888],[123.5519,0.5104],[123.4882,0.6263],[123.3794,0.6427],[123.2476,0.7171],[123.2714,0.8005],[123.1218,0.8887],[123.1151,0.9266],[123.0868,0.9066],[123.0838,0.9304],[122.9466,0.9642],[122.9754,0.9359],[122.8575,0.8062],[122.7718,0.8792],[122.7127,0.8673],[122.7224,0.8868],[122.6244,0.964],[122.5621,0.9596],[122.457,1.0295],[122.4399,0.9974],[122.3679,1.0004],[122.3348,1.0395],[122.3098,1.0054],[122.1943,1.0344],[122.0667,0.9923],[121.9814,0.9048],[121.858,0.9804],[121.4947,0.8366],[121.3532,0.8485],[121.3641,0.8004],[121.2136,0.7882],[121.156,0.6798],[121.2766,0.5828],[121.3352,0.5751],[121.3367,0.4739]]],[[[122.7847,0.8798],[122.8133,0.8924],[122.7563,0.9092],[122.7847,0.8798]]]]}},{"type":"Feature","properties":{"codes":["31"]},"geometry":{"type":"Polygon","coordinates":[[[106.78,-6.3164],[106.8092,-6.3148],[106.7948,-6.3649],[106.8397,-6.3351],[106.9145,-6.3653],[106.9043,-6.262],[106.944,-6.2524],[106.9705,-6.1994],[106.9691,-6.0916],[106.8405,-6.1238],[106.8037,-6.0945],[106.6876,-6.0969],[106.6882,-6.1725],[106.7244,-6.1849],[106.7182,-6.2241],[106.78,-6.3164]]]}},{"type":"Feature","properties":{"codes":["15"]},"geometry":{"type":"MultiPolygon","coordinates":[[[[102.0634,-2.7704],[102.2277,-2.6923],[102.2558,-2.6227],[102.4616,-2.7033],[102.5915,-2.683],[102.623,-2.6242],[102.793,-2.5389],[102.8775,-2.4177],[102.84,-2.3721],[102.8737,-2.3107],[103.0217,-2.3495],[103.0547,-2.3183],[103.1222,-2.3574],[103.2054,-2.3213],[103.1607,-2.2338],[103.2235,-2.1372],[103.2727,-2.1481],[103.3016,-2.2368],[103.4491,-2.3581],[103.4532,-2.1775],[103.5578,-2.1401],[103.5176,-2.1024],[103.5369,-1.9037],[103.6208,-1.8346],[103.8218,-1.7963],[103.8784,-1.743],[104.0934,-1.7862],[104.345,-1.7382],[104.3737,-1.64],[104.4894,-1.6608],[104.4384,-1.5094],[104.4568,-1.3368],[104.3924,-1.2171],[104.4053,-1.1254],[104.3711,-1.0277],[104.2057,-1.0697],[103.9116,-0.9825],[103.8283,-1.0196],[103.8132,-1.0605],[103.8376,-1.0888],[103.8027,-0.9944],[103.7544,-0.9924],[103.5559,-0.8558],[103.5511,-0.8132],[103.3382,-0.8329],[103.432,-0.8212],[103.4845,-0.7703],[103.3601,-0.8032],[103.1181,-0.7463],[103.0089,-0.7552],[102.9134,-0.8864],[102.7895,-0.9769],[102.7794,-1.0266],[102.6448,-1.1204],[102.4838,-1.081],[102.4425,-1.0254],[102.3824,-1.0267],[102.3862,-0.9934],[102.3068,-0.9174],[102.2036,-0.9485],[102.165,-0.8987],[102.1166,-0.9212],[101.9836,-0.8804],[101.907,-0.9508],[101.8215,-0.9772],[101.8252,-1.094],[101.8861,-1.0997],[101.8141,-1.215],[101.7218,-1.234],[101.6873,-1.2783],[101.7168,-1.3537],[101.6887,-1.3993],[101.7194,-1.4266],[101.6886,-1.4883],[101.5624,-1.5764],[101.4919,-1.6773],[101.2215,-1.7148],[101.1876,-1.6772],[101.162,-1.6979],[101.1226,-1.6775],[101.13,-1.8506],[101.1447,-1.9177],[101.2726,-2.0824],[101.3067,-2.2183],[101.2925,-2.2771],[101.5574,-2.449],[101.548,-2.5691],[101.6704,-2.5287],[101.8614,-2.7244],[101.9897,-2.7231],[102.0634,-2.7704]]],[[[104.2102,-1.0355],[104.2072,-1.061],[104.2545,-1.0355],[104.2102,-1.0355]]]]}},{"type":"Feature","properties":{"codes":["18"]},"geometry":{"type":"MultiPolygon","coordinates":[[[[105.457,-6.1351],[105.4191,-6.1544],[105.453,-6.1672],[105.457,-6.1351]]],[[[104.7814,-5.7604],[104.8551,-5.8468],[104.8534,-5.802],[104.7814,-5.7604]]],[[[105.2126,-5.6642],[105.2158,-5.6906],[105.241,-5.6688],[105.2126,-5.6642]]],[[[105.3024,-5.806],[105.228,-5.8323],[105.2838,-5.8398],[105.3024,-5.806]]],[[[105.4686,-5.9365],[105.4855,-5.9724],[105.5163,-5.9469],[105.4959,-5.9209],[105.4686,-5.9365]]],[[[105.5341,-5.8776],[105.5244,-5.8458],[105.4927,-5.8836],[105.5058,-5.9025],[105.5341,-5.8776]]],[[[103.5957,-4.9235],[103.6582,-4.9588],[103.6609,-4.9929],[103.7185,-4.9692],[103.7476,-5.0418],[103.7843,-5.0323],[103.9138,-5.1321],[103.935,-5.174],[103.9043,-5.2323],[103.9879,-5.2596],[103.9981,-5.3241],[104.0695,-5.4089],[104.3105,-5.5891],[104.3012,-5.6419],[104.4163,-5.7084],[104.5639,-5.8653],[104.5533,-5.9183],[104.5815,-5.9426],[104.7338,-5.9329],[104.6433,-5.6906],[104.5315,-5.545],[104.6051,-5.4962],[104.7079,-5.5215],[104.7704,-5.5999],[105.0278,-5.7272],[105.0259,-5.7511],[105.1026,-5.7628],[105.0874,-5.7952],[105.1191,-5.7761],[105.1632,-5.8074],[105.2228,-5.7797],[105.1539,-5.7522],[105.2194,-5.7206],[105.1721,-5.6667],[105.2115,-5.6486],[105.1673,-5.6061],[105.2429,-5.5887],[105.254,-5.4642],[105.2897,-5.4453],[105.4086,-5.6224],[105.5257,-5.6935],[105.5576,-5.6672],[105.6051,-5.8316],[105.706,-5.8495],[105.718,-5.9081],[105.799,-5.7949],[105.8203,-5.3287],[105.8644,-5.2559],[105.8596,-5.0357],[105.9022,-4.9403],[105.8613,-4.7851],[105.8749,-4.6792],[105.9162,-4.6472],[105.8848,-4.5977],[105.9126,-4.4376],[105.8551,-4.4107],[105.8254,-4.3429],[105.818,-4.1361],[105.7733,-4.1112],[105.7455,-4.1449],[105.7025,-4.1372],[105.681,-4.0755],[105.6506,-4.0861],[105.661,-4.0461],[105.6081,-4.0572],[105.6307,-4.0048],[105.5902,-3.9543],[105.606,-3.9332],[105.5629,-3.9288],[105.5467,-3.881],[105.5255,-3.895],[105.5238,-3.8402],[105.4328,-3.8269],[105.4318,-3.7835],[105.3575,-3.7971],[105.3345,-3.7245],[105.2843,-3.7976],[105.2774,-3.8772],[105.1388,-3.9362],[105.1198,-4.0467],[105.0123,-4.1728],[104.7904,-4.2623],[104.6433,-4.2459],[104.6219,-4.2166],[104.3699,-4.3533],[104.323,-4.4564],[104.3423,-4.6013],[104.2886,-4.6803],[104.3676,-4.7977],[104.3342,-4.8706],[104.1945,-4.8614],[104.1121,-4.9202],[104.0597,-4.8858],[103.9603,-4.9126],[103.9272,-4.8763],[103.8497,-4.9181],[103.8661,-4.8456],[103.8146,-4.7876],[103.7204,-4.8009],[103.5957,-4.9235]]]]}},{"type":"Feature","properties":{"codes":["81"]},"geometry":{"type":"MultiPolygon","coordinates":[[[[125.7473,-8.0424],[125.762,-7.9976],[125.7318,-7.9664],[125.7348,-8.0593],[125.7473,-8.0424]]],[[[130.7812,-8.337],[130.8958,-8.2901],[130.8871,-8.2469],[131.054,-8.2062],[131.1663,-8.1192],[131.0675,-8.1624],[131.0815,-8.1118],[131.0171,-8.0793],[130.997,-8.1454],[130.922,-8.1355],[130.9218,-8.2134],[130.8187,-8.2532],[130.7556,-8.3379],[130.7812,-8.337]]],[[[127.6061,-8.2067],[127.6598,-8.2385],[127.7543,-8.19],[127.6919,-8.1542],[127.6061,-8.2067]]],[[[128.219,-8.2092],[128.092,-8.2069],[128.0785,-8.2561],[128.2334,-8.2723],[128.219,-8.2092]]],[[[128.8284,-8.2048],[128.9055,-8.2424],[129.0312,-8.2427],[128.9647,-8.1853],[128.8284,-8.2048]]],[[[127.8576,-8.2118],[128.045,-8.2596],[128.1261,-8.1546],[127.7632,-8.1101],[127.795,-8.1863],[127.8576,-8.2118]]],[[[128.7565,-8.1619],[128.7987,-8.1993],[128.7891,-8.1634],[128.7565,-8.1619]]],[[[129.8133,-8.2074],[129.9159,-8.1301],[129.9247,-8.0919],[129.8485,-8.141],[129.8133,-8.2074]]],[[[129.5225,-7.9409],[129.544,-7.9507],[129.5702,-7.9085],[129.5151,-7.8432],[129.5225,-7.9409]]],[[[131.0838,-7.6404],[130.9704,-7.6819],[130.9673,-7.742],[131.089,-7.7025],[131.1256,-7.6532],[131.0838,-7.6404]]],[[[130.0392,-7.754],[130.0886,-7.7858],[130.0924,-7.7616],[130.0392,-7.754]]],[[[127.5951,-7.5635],[127.5993,-7.6211],[127.6176,-7.595],[127.5951,-7.5635]]],[[[127.2108,-8.106],[127.2332,-8.0943],[127.215,-8.0342],[127.1608,-8.016],[127.1433,-8.0977],[127.2108,-8.106]]],[[[131.1042,-8.0352],[131.0827,-8.011],[131.0859,-8.0453],[131.1042,-8.0352]]],[[[126.5626,-7.8148],[126.7196,-7.7446],[126.8264,-7.7535],[126.8157,-7.6613],[126.721,-7.6667],[126.6201,-7.5573],[126.4733,-7.5884],[126.3241,-7.6948],[126.2368,-7.6879],[126.1849,-7.7278],[126.0262,-7.6976],[125.9719,-7.6534],[125.9153,-7.7447],[125.8627,-7.7677],[125.8748,-7.8063],[125.8161,-7.8579],[125.8224,-7.9439],[125.7889,-8.0062],[125.9485,-7.915],[126.0712,-7.8877],[126.173,-7.9252],[126.4214,-7.9312],[126.4666,-7.975],[126.5626,-7.8148]]],[[[129.8556,-7.8428],[129.6663,-7.7871],[129.5978,-7.8208],[129.5822,-7.8986],[129.6744,-8.0119],[129.7531,-8.055],[129.7928,-8.0432],[129.8616,-7.926],[129.8556,-7.8428]]],[[[129.1475,-6.9519],[129.1341,-6.989],[129.1618,-6.9766],[129.1475,-6.9519]]],[[[134.5295,-7.0698],[134.4711,-7.0885],[134.5221,-7.1035],[134.5295,-7.0698]]],[[[131.9471,-7.0313],[131.9097,-7.0806],[132.0082,-6.9872],[131.9471,-7.0313]]],[[[127.3675,-7.6555],[127.4096,-7.5997],[127.4705,-7.5897],[127.486,-7.5208],[127.365,-7.5011],[127.3701,-7.5874],[127.3232,-7.6269],[127.3675,-7.6555]]],[[[129.6775,-7.5336],[129.6616,-7.5549],[129.7161,-7.5724],[129.7251,-7.5512],[129.6775,-7.5336]]],[[[130.9903,-7.5235],[130.8514,-7.4954],[130.8335,-7.5549],[130.9728,-7.5657],[130.9903,-7.5235]]],[[[131.1977,-7.5735],[131.1727,-7.643],[131.1933,-7.6507],[131.1559,-7.6722],[131.2379,-7.7249],[131.2705,-7.7039],[131.2497,-7.7362],[131.1281,-7.6815],[131.1064,-7.705],[131.1146,-7.7577],[131.1417,-7.7352],[131.1316,-7.7701],[131.1557,-7.7721],[131.1115,-7.7832],[131.1371,-7.7835],[131.1149,-7.7948],[131.1448,-7.8032],[131.138,-7.8371],[131.1067,-7.8228],[131.082,-7.8481],[131.1207,-7.9118],[131.1026,-7.9961],[131.2318,-8.007],[131.295,-7.9224],[131.2926,-8.0298],[131.3419,-7.9913],[131.3283,-7.9538],[131.3555,-7.9329],[131.3266,-7.9333],[131.3805,-7.8962],[131.3637,-7.87],[131.4607,-7.8103],[131.4841,-7.7309],[131.5529,-7.7235],[131.5853,-7.6589],[131.6218,-7.65],[131.6669,-7.4512],[131.7063,-7.4222],[131.6569,-7.43],[131.6484,-7.3941],[131.6799,-7.3822],[131.6308,-7.2609],[131.6567,-7.2288],[131.742,-7.2225],[131.7187,-7.165],[131.6907,-7.1642],[131.7102,-7.1436],[131.6597,-7.1826],[131.6383,-7.1721],[131.6562,-7.1187],[131.5368,-7.1426],[131.5187,-7.1806],[131.543,-7.228],[131.4879,-7.2356],[131.4463,-7.2818],[131.4525,-7.3462],[131.3844,-7.3456],[131.3429,-7.4472],[131.3154,-7.4212],[131.2406,-7.4718],[131.1977,-7.5735]]],[[[130.97,-7.4898],[131.0066,-7.5169],[131.0571,-7.4847],[131.0308,-7.5109],[131.0612,-7.5232],[131.1683,-7.4184],[130.9905,-7.4296],[130.97,-7.4898]]],[[[131.9531,-7.1553],[131.9153,-7.1028],[131.755,-7.1157],[131.7137,-7.1548],[131.7587,-7.1819],[131.8932,-7.1766],[131.9492,-7.2543],[131.9866,-7.2135],[131.9531,-7.1553]]],[[[131.4886,-7.1827],[131.4525,-7.201],[131.4888,-7.2088],[131.4886,-7.1827]]],[[[131.3798,-7.2411],[131.4056,-7.2352],[131.3891,-7.2007],[131.3798,-7.2411]]],[[[128.5291,-7.127],[128.5353,-7.1577],[128.6462,-7.2178],[128.689,-7.1653],[128.6552,-7.1382],[128.7012,-7.1166],[128.6095,-7.0623],[128.5291,-7.127]]],[[[131.266,-7.3789],[131.3024,-7.3393],[131.2566,-7.3037],[131.2078,-7.3576],[131.266,-7.3789]]],[[[131.513,-6.8768],[131.4735,-6.8726],[131.458,-6.9169],[131.4876,-6.9204],[131.513,-6.8768]]],[[[129.5316,-6.729],[129.501,-6.7143],[129.4862,-6.7526],[129.5316,-6.729]]],[[[131.6227,-6.709],[131.6248,-6.679],[131.5747,-6.6695],[131.5188,-6.75],[131.5215,-6.798],[131.5888,-6.7693],[131.558,-6.753],[131.569,-6.7168],[131.6227,-6.709]]],[[[134.6556,-6.8572],[134.586,-6.8849],[134.604,-6.9045],[134.684,-6.8552],[134.6556,-6.8572]]],[[[134.7559,-6.8456],[134.7416,-6.8701],[134.6869,-6.8596],[134.744,-6.8763],[134.7559,-6.8456]]],[[[134.7867,-6.6183],[134.7557,-6.606],[134.7826,-6.6426],[134.7867,-6.6183]]],[[[134.512,-6.7107],[134.5316,-6.6853],[134.5111,-6.6624],[134.512,-6.7107]]],[[[134.6721,-6.6654],[134.6225,-6.7557],[134.6736,-6.7834],[134.7615,-6.6222],[134.7032,-6.5786],[134.6721,-6.6654]]],[[[134.5111,-6.7581],[134.5281,-6.7359],[134.4978,-6.7196],[134.4779,-6.7611],[134.5111,-6.7581]]],[[[134.8331,-6.5189],[134.8507,-6.4951],[134.8204,-6.4823],[134.7764,-6.5437],[134.8055,-6.5359],[134.8129,-6.5624],[134.8331,-6.5189]]],[[[134.6923,-6.4423],[134.6414,-6.4994],[134.6816,-6.5637],[134.7449,-6.5527],[134.7459,-6.4826],[134.7066,-6.4933],[134.7304,-6.4734],[134.6923,-6.4423]]],[[[134.8419,-6.328],[134.7964,-6.3896],[134.8257,-6.4344],[134.8017,-6.45],[134.845,-6.4772],[134.9079,-6.3146],[134.8845,-6.2854],[134.8659,-6.3254],[134.8548,-6.2822],[134.8475,-6.3583],[134.8419,-6.328]]],[[[134.5997,-6.4696],[134.5911,-6.5182],[134.6431,-6.4565],[134.5997,-6.4696]]],[[[134.781,-6.3906],[134.7706,-6.3664],[134.7742,-6.4181],[134.781,-6.3906]]],[[[134.2968,-6.8723],[134.3788,-6.8156],[134.3905,-6.7314],[134.4473,-6.6951],[134.4293,-6.6489],[134.465,-6.6795],[134.5314,-6.5842],[134.4749,-6.5677],[134.5051,-6.5228],[134.4605,-6.4333],[134.3402,-6.3993],[134.3034,-6.2914],[134.1134,-6.1603],[134.1361,-6.3101],[134.1169,-6.4179],[134.1412,-6.4635],[134.2108,-6.4258],[134.1841,-6.4568],[134.2174,-6.444],[134.1962,-6.4659],[134.2341,-6.5119],[134.213,-6.537],[134.236,-6.6093],[134.2956,-6.661],[134.2351,-6.6146],[134.2022,-6.4856],[134.1532,-6.5322],[134.1816,-6.4841],[134.1366,-6.4824],[134.1158,-6.4481],[134.0521,-6.7748],[134.0951,-6.8499],[134.1491,-6.8658],[134.1938,-6.8354],[134.1504,-6.85],[134.1655,-6.8911],[134.151,-6.8694],[134.1998,-6.9444],[134.2968,-6.8723]]],[[[134.7919,-6.3282],[134.7948,-6.3614],[134.8325,-6.3004],[134.7919,-6.3282]]],[[[134.5062,-6.9351],[134.4897,-6.9526],[134.5301,-6.9478],[134.5062,-6.9351]]],[[[132.2866,-5.6249],[132.2931,-5.6553],[132.3173,-5.635],[132.307,-5.5904],[132.2567,-5.585],[132.2866,-5.6249]]],[[[132.343,-5.5818],[132.3771,-5.5358],[132.3555,-5.5533],[132.3127,-5.5216],[132.343,-5.5818]]],[[[134.2441,-5.6251],[134.2786,-5.6464],[134.3456,-5.5706],[134.3046,-5.5639],[134.2441,-5.6251]]],[[[132.7428,-5.6251],[132.7491,-5.665],[132.771,-5.649],[132.7529,-5.6761],[132.7805,-5.6887],[132.7979,-5.6521],[132.7922,-5.6933],[132.8131,-5.6886],[132.8018,-5.5226],[132.7428,-5.6251]]],[[[132.702,-5.5527],[132.7493,-5.534],[132.6904,-5.5342],[132.702,-5.5527]]],[[[134.2789,-5.5286],[134.2536,-5.4872],[134.2539,-5.5533],[134.2789,-5.5286]]],[[[134.5957,-5.5725],[134.6337,-5.5809],[134.6497,-5.5507],[134.6803,-5.5726],[134.6709,-5.5368],[134.7059,-5.5161],[134.6662,-5.4807],[134.6468,-5.5038],[134.623,-5.4242],[134.6057,-5.4501],[134.5727,-5.4177],[134.56,-5.4534],[134.5001,-5.4194],[134.492,-5.4864],[134.5376,-5.4783],[134.5029,-5.4943],[134.5276,-5.5115],[134.5065,-5.5556],[134.5957,-5.5725]]],[[[134.5891,-5.3823],[134.6001,-5.357],[134.5622,-5.3913],[134.5891,-5.3823]]],[[[131.7233,-4.7114],[131.7404,-4.7881],[131.7588,-4.7286],[131.7233,-4.7114]]],[[[129.9092,-4.5487],[129.8606,-4.5562],[129.9339,-4.5728],[129.9469,-4.5078],[129.9092,-4.5487]]],[[[131.6809,-4.5208],[131.6087,-4.424],[131.6548,-4.5359],[131.6809,-4.5208]]],[[[130.9395,-3.8947],[130.9376,-3.8664],[130.91,-3.8942],[130.9395,-3.8947]]],[[[130.7808,-3.2979],[130.7683,-3.3245],[130.8027,-3.3309],[130.7808,-3.2979]]],[[[127.6069,-3.2946],[127.5235,-3.2647],[127.487,-3.3015],[127.5069,-3.3311],[127.6559,-3.367],[127.6069,-3.2946]]],[[[127.2239,-3.9046],[127.2357,-3.838],[127.197,-3.8158],[127.1508,-3.8346],[127.1641,-3.8888],[127.2239,-3.9046]]],[[[128.7718,-3.6404],[128.7615,-3.6891],[128.7853,-3.6959],[128.8066,-3.6461],[128.7718,-3.6404]]],[[[128.4933,-3.6196],[128.5737,-3.591],[128.5564,-3.5446],[128.4993,-3.512],[128.4217,-3.522],[128.3995,-3.6309],[128.4933,-3.6196]]],[[[128.7092,-3.6037],[128.7382,-3.6035],[128.7151,-3.498],[128.684,-3.5434],[128.5657,-3.498],[128.5543,-3.5293],[128.6442,-3.6306],[128.654,-3.5732],[128.7092,-3.6037]]],[[[127.9686,-3.7785],[128.2328,-3.6281],[128.0893,-3.7923],[128.2646,-3.7295],[128.3011,-3.6815],[128.2611,-3.6183],[128.3559,-3.6287],[128.3216,-3.5673],[128.3448,-3.507],[128.2573,-3.4951],[128.1685,-3.5875],[128.0256,-3.5924],[127.9204,-3.6838],[127.9405,-3.7716],[127.9686,-3.7785]]],[[[126.5625,-3.7926],[126.6838,-3.8609],[126.7409,-3.8572],[126.8116,-3.8043],[126.9544,-3.7713],[127.0513,-3.6892],[127.205,-3.6714],[127.2512,-3.5931],[127.2672,-3.3856],[127.1667,-3.336],[127.1281,-3.3843],[127.0766,-3.3729],[127.0295,-3.2754],[127.1169,-3.2801],[127.1069,-3.2262],[126.9861,-3.1393],[126.8889,-3.1264],[126.7906,-3.0589],[126.2993,-3.0937],[126.2037,-3.186],[126.0902,-3.1125],[126.013,-3.1931],[126.0071,-3.3591],[126.0465,-3.4427],[126.1489,-3.5233],[126.1968,-3.6235],[126.2357,-3.6204],[126.5152,-3.7946],[126.5625,-3.7926]]],[[[127.6573,-3.2352],[127.7894,-3.2566],[127.7994,-3.1815],[127.7216,-3.1596],[127.6405,-3.2207],[127.6573,-3.2352]]],[[[127.9689,-3.4367],[127.9868,-3.3794],[128.0553,-3.3406],[128.0906,-3.1308],[128.1715,-3.062],[128.205,-3.1226],[128.1591,-3.1594],[128.1819,-3.2316],[128.1886,-3.1944],[128.2686,-3.2031],[128.4045,-3.428],[128.4683,-3.4601],[128.6744,-3.433],[128.6986,-3.4119],[128.6802,-3.3595],[128.8845,-3.2037],[128.9674,-3.2273],[128.9671,-3.2902],[128.9317,-3.3418],[128.9101,-3.3284],[128.9347,-3.3566],[129.0844,-3.3414],[129.531,-3.4698],[129.5667,-3.4198],[129.5033,-3.3149],[129.5189,-3.2999],[129.9208,-3.3367],[129.9599,-3.3587],[130.0183,-3.4837],[130.4174,-3.6326],[130.483,-3.7069],[130.571,-3.7238],[130.62,-3.7931],[130.7686,-3.8289],[130.8169,-3.8707],[130.8502,-3.8644],[130.8219,-3.8333],[130.8262,-3.6841],[130.8828,-3.5894],[130.806,-3.4888],[130.8399,-3.4613],[130.8059,-3.407],[130.6669,-3.403],[130.6461,-3.3762],[130.6042,-3.1523],[130.5535,-3.1072],[130.4956,-3.1035],[130.3829,-2.9872],[130.2837,-2.9754],[130.3088,-2.9803],[130.2296,-3.0155],[130.1537,-2.9869],[130.0351,-3.0038],[129.8998,-2.9371],[129.8821,-2.957],[129.8567,-2.9001],[129.8223,-2.9251],[129.7866,-2.8648],[129.6156,-2.8102],[129.5861,-2.8252],[129.5297,-2.7786],[129.3761,-2.79],[129.3476,-2.8578],[129.2238,-2.9218],[129.2224,-2.9542],[129.1869,-2.922],[129.1976,-2.9641],[129.1315,-2.9696],[129.052,-2.8921],[129.078,-2.855],[129.0491,-2.7946],[128.8377,-2.8664],[128.5089,-2.8337],[128.398,-2.8707],[128.1631,-2.8635],[128.1288,-2.9446],[128.071,-2.9732],[128.1226,-2.9707],[128.094,-3.0205],[128.1169,-3.0648],[128.0004,-3.0709],[127.9118,-3.1515],[127.8667,-3.1754],[127.8375,-3.1573],[127.9431,-3.3518],[127.8955,-3.4897],[127.9214,-3.5683],[127.96,-3.5281],[127.9458,-3.467],[127.9689,-3.4367]]],[[[127.9689,-2.9232],[127.9147,-2.9141],[127.9419,-2.9406],[127.8785,-2.9607],[127.8294,-3.0352],[127.9541,-3.0098],[128.0033,-2.9429],[127.9689,-2.9232]]],[[[131.2816,-4.0704],[131.2983,-4.1209],[131.4,-4.1728],[131.2816,-4.0704]]],[[[131.2058,-3.9865],[131.2478,-4.0585],[131.2442,-4.0033],[131.2058,-3.9865]]],[[[131.4053,-3.9504],[131.3674,-3.9723],[131.4397,-4.0776],[131.4053,-3.9504]]],[[[134.5068,-5.3766],[134.5385,-5.4112],[134.6032,-5.348],[134.5614,-5.3292],[134.5068,-5.3766]]],[[[131.9675,-5.3506],[131.9711,-5.3854],[132.0033,-5.3714],[132.0216,-5.3135],[131.9893,-5.3104],[131.9675,-5.3506]]],[[[132.46,-6.0259],[132.4672,-5.9895],[132.4281,-6.0129],[132.46,-6.0259]]],[[[134.193,-5.7757],[134.1935,-5.8276],[134.2485,-5.8251],[134.2387,-5.7573],[134.1956,-5.751],[134.193,-5.7757]]],[[[134.2968,-6.037],[134.2698,-6.1091],[134.3207,-6.1995],[134.2343,-6.1401],[134.2796,-6.0603],[134.2459,-6.0731],[134.2286,-6.0169],[134.1643,-6.0363],[134.1502,-6.006],[134.1141,-6.1016],[134.1753,-6.2004],[134.2923,-6.2857],[134.325,-6.2782],[134.3384,-6.3386],[134.3698,-6.3374],[134.3465,-6.3604],[134.369,-6.3969],[134.4698,-6.4285],[134.4816,-6.4884],[134.5508,-6.5344],[134.6123,-6.4307],[134.5276,-6.3376],[134.6248,-6.3741],[134.7302,-6.3108],[134.769,-6.1658],[134.7089,-6.1804],[134.7077,-6.155],[134.7628,-6.1384],[134.7836,-6.0908],[134.6598,-5.9452],[134.5357,-5.919],[134.4343,-6.0187],[134.2968,-6.037]]],[[[134.8042,-5.7502],[134.7922,-5.7283],[134.7827,-5.7575],[134.8042,-5.7502]]],[[[132.1876,-5.7676],[132.1947,-5.7163],[132.1713,-5.7337],[132.1876,-5.7676]]],[[[132.6288,-5.625],[132.7085,-5.8185],[132.6747,-5.7482],[132.6902,-5.8338],[132.6633,-5.9056],[132.6938,-5.9107],[132.6941,-5.9518],[132.7211,-5.8931],[132.7228,-5.9506],[132.78,-5.9434],[132.8122,-5.8159],[132.7887,-5.7758],[132.7725,-5.8142],[132.7794,-5.7262],[132.7637,-5.7474],[132.7423,-5.643],[132.6921,-5.6541],[132.7098,-5.5914],[132.6761,-5.6303],[132.6109,-5.5933],[132.6288,-5.625]]],[[[134.422,-5.6249],[134.3467,-5.7255],[134.2521,-5.6622],[134.2126,-5.7148],[134.2581,-5.7582],[134.3258,-5.7591],[134.3261,-5.7954],[134.3679,-5.77],[134.4154,-5.786],[134.3703,-5.8008],[134.3721,-5.8487],[134.2986,-5.8982],[134.3331,-5.9449],[134.3015,-6.019],[134.4226,-6.0218],[134.5352,-5.9166],[134.66,-5.9307],[134.733,-5.9798],[134.7506,-5.9408],[134.7103,-5.8916],[134.7723,-5.887],[134.7678,-5.8504],[134.7065,-5.8332],[134.7475,-5.7864],[134.7391,-5.7394],[134.7048,-5.7392],[134.7341,-5.6743],[134.7673,-5.6692],[134.746,-5.6163],[134.5108,-5.5638],[134.505,-5.532],[134.4691,-5.5634],[134.4588,-5.5296],[134.422,-5.6249]]],[[[133.0077,-5.6249],[132.9541,-5.6703],[132.8446,-6.0071],[132.9524,-5.8761],[132.9636,-5.7427],[133.1196,-5.5659],[133.1918,-5.3269],[133.1537,-5.2724],[133.1136,-5.2915],[133.0077,-5.6249]]]]}},{"type":"Feature","properties":{"codes":["65"]},"geometry":{"type":"MultiPolygon","coordinates":[[[[117.6418,2.8155],[117.7384,2.8164],[117.6929,2.8531],[117.6418,2.8155]]],[[[117.7028,2.9322],[117.5811,2.9098],[117.6977,2.9017],[117.7028,2.9322]]],[[[117.6045,3.0837],[117.5516,3.0718],[117.5714,3.0514],[117.6215,3.0686],[117.6045,3.0837]]],[[[117.5466,3.0931],[117.4983,3.0824],[117.569,3.0845],[117.5466,3.0931]]],[[[118.0015,2.4352],[117.7905,2.6439],[117.7825,2.7517],[117.6027,2.8123],[117.721,2.8891],[117.5548,2.9081],[117.6968,2.9465],[117.6662,2.9905],[117.5674,2.9637],[117.6221,3.0594],[117.4423,3.0514],[117.479,3.0994],[117.4456,3.161],[117.3195,3.1685],[117.3075,3.2083],[117.4517,3.2755],[117.5183,3.2749],[117.5067,3.3211],[117.4365,3.372],[117.5179,3.4806],[117.3706,3.5624],[117.2925,3.564],[117.2816,3.6189],[117.392,3.6402],[117.4933,3.5976],[117.5205,3.6741],[117.664,3.6155],[117.8261,3.7036],[117.826,3.8101],[117.7573,3.8689],[117.6777,3.8756],[117.6826,3.9163],[117.598,3.9344],[117.5312,4.0314],[117.4182,4.0943],[117.4314,4.1338],[117.5226,4.1014],[117.5912,4.1743],[117.4572,4.1791],[117.4064,4.2537],[117.2962,4.3102],[117.2459,4.374],[117.1965,4.3358],[117.0419,4.3468],[117.0193,4.3187],[116.9077,4.3687],[116.8402,4.3272],[116.7897,4.3379],[116.7521,4.389],[116.7018,4.3333],[116.6301,4.3343],[116.5676,4.4078],[116.537,4.3232],[116.4857,4.3369],[116.441,4.2887],[116.3485,4.3914],[116.2718,4.3631],[116.1711,4.3931],[116.1628,4.3423],[116.1198,4.3389],[116.079,4.2764],[116.0066,4.3479],[115.8784,4.3913],[115.8295,4.2409],[115.7661,4.2506],[115.7307,4.1939],[115.7049,4.1985],[115.6418,3.9656],[115.5584,3.9192],[115.6196,3.8689],[115.5761,3.6108],[115.6522,3.44],[115.6185,3.4095],[115.5796,3.4502],[115.5248,3.32],[115.5217,3.1935],[115.5674,3.1622],[115.4836,3.0146],[115.4533,3.0285],[115.4064,2.9823],[115.335,2.9737],[115.2855,3.0496],[115.2491,2.9667],[115.1515,2.9138],[115.1511,2.8722],[115.0897,2.8232],[115.1529,2.7867],[115.0921,2.6984],[115.1172,2.6472],[115.0868,2.6042],[115.1099,2.581],[115.1716,2.6063],[115.2374,2.506],[115.1947,2.4713],[115.1355,2.476],[115.0907,2.4056],[115.0463,2.4075],[114.9937,2.351],[114.9582,2.3685],[114.9665,2.2952],[114.9148,2.2593],[114.7998,2.2505],[114.7931,2.0503],[114.8088,2.0228],[114.8787,2.0386],[114.8476,1.9526],[114.8787,1.9152],[114.7919,1.8503],[114.7163,1.8563],[114.6919,1.8082],[114.7111,1.6715],[114.6142,1.5742],[114.611,1.5008],[114.5641,1.4264],[114.6155,1.3639],[114.6975,1.3577],[114.7225,1.268],[114.844,1.1696],[114.8942,1.2145],[114.937,1.1817],[114.99,1.1916],[115.0206,1.1223],[115.1716,1.1192],[115.1932,1.0698],[115.2642,1.0466],[115.364,1.0624],[115.4175,1.1267],[115.436,1.2234],[115.6383,1.2863],[115.7185,1.2684],[115.7771,1.3579],[115.8452,1.3794],[115.8687,1.4446],[116.0478,1.5559],[116.0439,1.6061],[116.0859,1.6598],[116.1354,1.6608],[116.196,1.8467],[116.2039,1.9894],[116.2371,2.0161],[116.228,2.0909],[116.297,2.1033],[116.355,2.1567],[116.2996,2.2332],[116.3384,2.2895],[116.4855,2.2864],[116.5093,2.458],[116.6284,2.4188],[116.7414,2.532],[116.8115,2.3787],[116.8618,2.4643],[117.0374,2.5236],[117.0946,2.5976],[117.2524,2.5783],[117.4155,2.6087],[117.515,2.5247],[117.6302,2.5189],[117.7636,2.3286],[117.8269,2.3267],[117.8764,2.3921],[117.9509,2.385],[118.0015,2.4352]]],[[[117.6159,3.2634],[117.6565,3.2522],[117.6692,3.4051],[117.5472,3.4416],[117.5189,3.3664],[117.6159,3.2634]]],[[[117.5035,3.3454],[117.4981,3.4052],[117.4506,3.4042],[117.4521,3.349],[117.5035,3.3454]]],[[[117.6393,4.1389],[117.5913,4.0867],[117.601,4.0132],[117.6757,3.9659],[117.7233,3.987],[117.753,4.0605],[117.6678,4.1445],[117.6393,4.1389]]],[[[117.684,4.1655],[117.8608,4.03],[117.9267,4.0608],[117.8998,4.1661],[117.684,4.1655]]],[[[117.5506,4.1377],[117.5542,4.0981],[117.5887,4.1401],[117.5506,4.1377]]],[[[117.6146,3.4798],[117.5604,3.523],[117.5369,3.5003],[117.548,3.4706],[117.6146,3.4798]]],[[[117.8718,3.4786],[117.8007,3.5901],[117.755,3.5613],[117.7609,3.5147],[117.8346,3.4581],[117.8669,3.45],[117.8718,3.4786]]],[[[117.5222,3.4927],[117.5446,3.5267],[117.4162,3.5564],[117.4417,3.5102],[117.5222,3.4927]]],[[[117.529,3.5789],[117.5062,3.5852],[117.6246,3.5373],[117.6661,3.5522],[117.529,3.5789]]],[[[117.4734,3.5724],[117.4971,3.5724],[117.46,3.5901],[117.4734,3.5724]]],[[[117.3507,3.5876],[117.4605,3.5683],[117.3958,3.613],[117.2923,3.5976],[117.3507,3.5876]]]]}},{"type":"Feature","properties":{"codes":["82"]},"geometry":{"type":"MultiPolygon","coordinates":[[[[127.5978,-1.8244],[127.5721,-1.8657],[127.6454,-1.8336],[127.5978,-1.8244]]],[[[126.3496,-1.8253],[126.4868,-1.8197],[126.4575,-1.7998],[126.3496,-1.8253]]],[[[125.9927,-2.0277],[125.9102,-1.9751],[125.8559,-2.0917],[125.9766,-2.4188],[126.05,-2.4771],[126.0727,-2.4221],[125.957,-2.1513],[125.9927,-2.0277]]],[[[124.4027,-2.055],[124.3739,-2.0471],[124.3889,-2.0731],[124.4027,-2.055]]],[[[124.3112,-1.9988],[124.3678,-2.0426],[124.3661,-1.9704],[124.316,-1.9723],[124.3112,-1.9988]]],[[[124.1634,-1.7883],[124.1813,-1.7658],[124.1484,-1.7359],[124.1634,-1.7883]]],[[[125.4571,-1.7787],[125.4275,-1.8094],[125.4092,-1.7767],[125.3696,-1.7794],[125.3757,-1.8068],[125.3298,-1.8284],[125.3453,-1.8884],[125.3714,-1.8461],[125.4343,-1.8866],[125.4222,-1.9505],[125.7835,-1.9306],[125.843,-1.8953],[125.9193,-1.9396],[126.0885,-1.8793],[126.247,-1.8792],[126.3532,-1.8148],[125.9132,-1.7933],[125.6396,-1.8301],[125.5395,-1.8095],[125.5418,-1.7861],[125.4885,-1.8197],[125.4869,-1.7833],[125.4571,-1.7787]]],[[[125.5168,-1.7786],[125.552,-1.7754],[125.5374,-1.7567],[125.5168,-1.7786]]],[[[128.2999,-1.651],[128.3563,-1.6523],[128.361,-1.6073],[128.3153,-1.6123],[128.2999,-1.651]]],[[[127.4075,-1.4965],[127.3911,-1.4834],[127.378,-1.5217],[127.4075,-1.4965]]],[[[127.5734,-1.1939],[127.5107,-1.1777],[127.4676,-1.2557],[127.693,-1.272],[127.694,-1.2377],[127.5734,-1.1939]]],[[[127.2922,-1.4062],[127.3269,-1.4552],[127.3995,-1.4038],[127.3423,-1.3646],[127.2922,-1.4062]]],[[[124.6923,-1.6521],[124.5532,-1.6388],[124.5241,-1.665],[124.5294,-1.6298],[124.3787,-1.6771],[124.3369,-1.8882],[124.3973,-2.0292],[124.6803,-1.977],[124.8612,-1.8914],[124.8889,-1.9235],[125.0086,-1.9432],[125.0418,-1.8869],[125.3267,-1.885],[125.321,-1.7843],[125.2647,-1.7861],[125.2948,-1.7688],[125.2901,-1.7312],[125.2233,-1.7356],[125.1972,-1.7925],[125.2033,-1.7243],[125.1282,-1.6836],[125.1035,-1.7611],[125.0698,-1.7732],[125.06,-1.7448],[125.0456,-1.7717],[125.0147,-1.7527],[125.0253,-1.7232],[124.9571,-1.6963],[124.8973,-1.7095],[124.6923,-1.6521]]],[[[127.5383,-1.4062],[127.5051,-1.4531],[127.4144,-1.4199],[127.4442,-1.4348],[127.3926,-1.6167],[127.4084,-1.6621],[127.4988,-1.7248],[127.5969,-1.7381],[127.7186,-1.6864],[127.8896,-1.6827],[128.0864,-1.7222],[128.1574,-1.6814],[128.1657,-1.6174],[128.1206,-1.5656],[128.0751,-1.5798],[127.9321,-1.4467],[127.8015,-1.414],[127.7603,-1.3535],[127.642,-1.3307],[127.5383,-1.4062]]],[[[128.4056,-0.9902],[128.4163,-1.0106],[128.3104,-0.943],[128.3575,-1.0374],[128.416,-1.0266],[128.4056,-0.9902]]],[[[127.4072,-1.176],[127.4323,-1.2197],[127.4134,-1.1367],[127.4072,-1.176]]],[[[128.4256,-1.1039],[128.453,-1.1306],[128.4006,-1.0837],[128.3449,-1.088],[128.3693,-1.1227],[128.4256,-1.1039]]],[[[127.3884,0.472],[127.3988,0.4331],[127.44,0.4482],[127.3884,0.472]]],[[[127.3936,0.5867],[127.3815,0.5585],[127.411,0.5739],[127.3936,0.5867]]],[[[127.3769,0.703],[127.3679,0.6444],[127.426,0.627],[127.4568,0.6743],[127.4499,0.7427],[127.3889,0.7521],[127.3769,0.703]]],[[[127.415,0.2811],[127.4436,0.3248],[127.4145,0.3751],[127.3459,0.3268],[127.415,0.2811]]],[[[126.3946,1.2849],[126.4165,1.3332],[126.3833,1.3517],[126.3567,1.3244],[126.3946,1.2849]]],[[[128.1622,2.288],[128.1879,2.3062],[128.1662,2.4126],[128.1251,2.3317],[128.1622,2.288]]],[[[127.2939,0.8188],[127.3147,0.7569],[127.3888,0.781],[127.3912,0.8294],[127.34,0.8643],[127.2939,0.8188]]],[[[127.773,2.2364],[127.8079,2.2223],[127.8253,2.2702],[127.7751,2.2949],[127.773,2.2364]]],[[[128.4258,2.0586],[128.5041,2.0596],[128.5775,2.1119],[128.6506,2.3701],[128.6937,2.4229],[128.6875,2.5022],[128.6326,2.5334],[128.5692,2.6454],[128.5264,2.577],[128.4619,2.596],[128.3252,2.4727],[128.2839,2.37],[128.1974,2.2806],[128.2494,2.2474],[128.2459,2.1235],[128.2915,2.0576],[128.2597,1.9806],[128.2976,2.0334],[128.4258,2.0586]]],[[[127.0353,-0.2875],[127.0873,-0.2382],[127.044,-0.2395],[127.0353,-0.2875]]],[[[127.1165,-0.2413],[127.1523,-0.1834],[127.0903,-0.2189],[127.0944,-0.2568],[127.1165,-0.2413]]],[[[129.6161,-0.0367],[129.6557,-0.0677],[129.5892,-0.0037],[129.5872,-0.0429],[129.6261,-0.0714],[129.6161,-0.0367]]],[[[127.2655,-0.0728],[127.2045,-0.121],[127.2611,-0.1251],[127.2655,-0.0728]]],[[[129.4212,-0.1012],[129.4202,-0.0785],[129.434,-0.1169],[129.4212,-0.1012]]],[[[129.3575,0.0001],[129.3824,-0.0721],[129.4591,-0.0881],[129.4701,-0.1404],[129.5634,-0.2121],[129.5462,-0.1293],[129.2796,0.0473],[129.3575,0.0001]]],[[[127.4371,-0.0001],[127.466,-0.0401],[127.4591,0.1312],[127.4266,0.1396],[127.4044,0.0179],[127.4371,-0.0001]]],[[[128.513,-0.597],[128.4884,-0.5926],[128.514,-0.6196],[128.513,-0.597]]],[[[128.3739,-0.5295],[128.3354,-0.5483],[128.4047,-0.5617],[128.3739,-0.5295]]],[[[127.4128,-0.6521],[127.3862,-0.6118],[127.3243,-0.6058],[127.3488,-0.659],[127.4128,-0.6521]]],[[[128.4374,-0.5694],[128.4054,-0.5625],[128.4239,-0.5908],[128.4374,-0.5694]]],[[[127.1758,-0.703],[127.1864,-0.7702],[127.3346,-0.7862],[127.294,-0.7308],[127.3037,-0.6831],[127.24,-0.6316],[127.2584,-0.6058],[127.1942,-0.615],[127.2088,-0.6743],[127.1758,-0.703]]],[[[127.6994,-0.703],[127.6481,-0.683],[127.6469,-0.6291],[127.5905,-0.6208],[127.6922,-0.4561],[127.6152,-0.4128],[127.5434,-0.3137],[127.5634,-0.303],[127.5213,-0.301],[127.4503,-0.419],[127.3724,-0.3169],[127.3205,-0.3303],[127.3443,-0.3836],[127.3294,-0.4331],[127.2954,-0.4367],[127.3061,-0.5138],[127.409,-0.6216],[127.4806,-0.6306],[127.4421,-0.7401],[127.4628,-0.8136],[127.6304,-0.7408],[127.6819,-0.8382],[127.7687,-0.868],[127.8706,-0.8266],[127.8996,-0.7964],[127.8805,-0.7747],[127.9058,-0.7857],[127.8727,-0.7176],[127.7997,-0.679],[127.6994,-0.703]]],[[[127.7264,-0.3927],[127.758,-0.3675],[127.7476,-0.327],[127.7264,-0.3927]]],[[[127.2655,-0.466],[127.2881,-0.3741],[127.2478,-0.3156],[127.3049,-0.27],[127.2629,-0.2808],[127.2393,-0.2452],[127.1098,-0.281],[127.1399,-0.3215],[127.1031,-0.4256],[127.1526,-0.4716],[127.1115,-0.4846],[127.1279,-0.5186],[127.2162,-0.5179],[127.2655,-0.466]]],[[[127.9686,-0.58],[128.0364,-0.6994],[128.2174,-0.7724],[128.2492,-0.7581],[128.2348,-0.7813],[128.2862,-0.8311],[128.2461,-0.8219],[128.244,-0.8553],[128.4561,-0.9108],[128.2133,-0.6975],[127.9869,-0.2757],[127.8878,0.0098],[127.8892,0.0858],[127.93,0.1074],[127.9217,0.2735],[127.8633,0.2968],[127.9199,0.4571],[128.0799,0.4769],[128.2821,0.3967],[128.4581,0.4036],[128.5588,0.3179],[128.8429,0.2616],[128.9033,0.2076],[128.8365,0.2925],[128.6717,0.3437],[128.6806,0.5491],[128.4702,0.5887],[128.4348,0.6324],[128.3243,0.6518],[128.1987,0.7897],[128.2501,0.8419],[128.3121,0.8158],[128.2801,0.8663],[128.3342,0.9118],[128.4417,0.9293],[128.6109,1.0432],[128.6994,1.0644],[128.6915,1.1988],[128.7585,1.3912],[128.6839,1.4629],[128.6968,1.5367],[128.731,1.5333],[128.7221,1.5729],[128.6312,1.5832],[128.5065,1.5317],[128.4658,1.5498],[128.1869,1.3846],[128.0867,1.2535],[128.1781,1.244],[128.1954,1.1642],[128.1667,1.1247],[127.9815,1.0879],[127.9339,1.005],[127.9304,0.8756],[127.8518,0.8096],[127.7537,0.8077],[127.6347,0.9151],[127.6556,1.0272],[127.7586,1.0688],[127.8264,1.1481],[127.9034,1.1502],[127.92,1.2286],[128.0111,1.3142],[127.9882,1.3681],[128.024,1.404],[128.0375,1.5835],[127.987,1.6171],[128.0121,1.7373],[127.9338,1.8091],[127.8612,1.8059],[127.8415,1.8453],[127.852,1.9256],[127.9521,1.9912],[127.9553,2.0407],[128.0657,2.1739],[128.054,2.2015],[127.9829,2.181],[127.955,2.2221],[127.9289,2.1627],[127.6943,1.932],[127.5508,1.7112],[127.5822,1.6649],[127.5403,1.6506],[127.5514,1.5887],[127.5106,1.5571],[127.5245,1.4417],[127.4057,1.2291],[127.4313,1.1419],[127.3969,1.0625],[127.4198,1.032],[127.4995,1.0489],[127.4721,1.0065],[127.5118,0.9737],[127.4968,0.8867],[127.6403,0.8516],[127.5998,0.7501],[127.5475,0.7296],[127.527,0.5573],[127.6209,0.3607],[127.7098,0.3529],[127.7344,0.3111],[127.6852,0.0981],[127.7129,0.1029],[127.7217,0.0715],[127.7,-0.0992],[127.6617,-0.2168],[127.7506,-0.3202],[127.8637,-0.3653],[127.9686,-0.58]]]]}},{"type":"Feature","properties":{"codes":["71"]},"geometry":{"type":"MultiPolygon","coordinates":[[[[125.2205,1.4381],[125.1859,1.432],[125.1737,1.3873],[125.2598,1.4127],[125.2924,1.5495],[125.2205,1.4381]]],[[[124.7672,1.6175],[124.7816,1.5952],[124.7751,1.6282],[124.7362,1.6256],[124.7672,1.6175]]],[[[124.6924,1.6474],[124.6977,1.6166],[124.7152,1.64],[124.6924,1.6474]]],[[[125.0799,1.8325],[125.099,1.8873],[125.0507,1.8045],[125.0799,1.8325]]],[[[125.3783,2.1184],[125.3535,2.1247],[125.3464,2.0699],[125.4077,2.1024],[125.4107,2.1338],[125.3783,2.1184]]],[[[123.4781,0.3157],[123.5743,0.3218],[123.6299,0.2916],[123.7784,0.3106],[124.5126,0.4722],[124.4934,0.543],[124.5416,0.5874],[124.5698,0.5775],[124.5443,0.6249],[124.5815,0.6962],[124.6297,0.7136],[124.6401,0.7918],[124.7214,0.8482],[124.7202,0.8943],[124.768,0.8912],[124.791,0.9451],[124.8883,0.9738],[125.0235,1.1425],[125.0777,1.3663],[125.1272,1.4289],[125.2353,1.4693],[125.2454,1.5146],[125.1437,1.6055],[125.1753,1.6846],[125.0422,1.6733],[125.0132,1.6898],[125.0255,1.7325],[124.9813,1.75],[124.9647,1.6723],[124.9398,1.6912],[124.8047,1.5713],[124.8447,1.5193],[124.8268,1.4631],[124.7545,1.4558],[124.6782,1.3947],[124.6134,1.4176],[124.5323,1.3531],[124.5152,1.3005],[124.6121,1.2529],[124.5766,1.1882],[124.528,1.2151],[124.5169,1.1871],[124.3538,1.1655],[124.2973,1.0098],[123.9302,0.8582],[123.9573,0.8374],[123.7911,0.8551],[123.8036,0.8348],[123.7504,0.8305],[123.7367,0.8645],[123.5978,0.9038],[123.5272,0.8858],[123.261,0.9146],[123.248,0.9588],[123.1678,0.9517],[123.1993,0.9202],[123.1785,0.9016],[123.1158,0.9248],[123.1218,0.8887],[123.2714,0.8005],[123.2476,0.7171],[123.3794,0.6427],[123.4882,0.6263],[123.5301,0.5789],[123.5519,0.5104],[123.5213,0.4756],[123.5478,0.4322],[123.4781,0.3157]]],[[[124.7661,1.7434],[124.7307,1.7236],[124.7687,1.6922],[124.7661,1.7434]]],[[[125.1564,1.7478],[125.188,1.7997],[125.1347,1.8467],[125.1132,1.8128],[125.1564,1.7478]]],[[[125.4641,2.6461],[125.4603,2.6745],[125.4413,2.6376],[125.4641,2.6461]]],[[[125.3939,2.6906],[125.4572,2.7631],[125.427,2.8087],[125.3783,2.8016],[125.359,2.7428],[125.3757,2.6508],[125.4172,2.6345],[125.3939,2.6906]]],[[[125.3801,2.2967],[125.3784,2.3275],[125.3443,2.304],[125.3801,2.2967]]],[[[125.3874,2.3315],[125.4323,2.3142],[125.4668,2.3481],[125.3922,2.3838],[125.3697,2.361],[125.3874,2.3315]]],[[[125.5097,3.1589],[125.5347,3.186],[125.504,3.1856],[125.5097,3.1589]]],[[[126.8066,3.8276],[126.7572,3.8545],[126.7354,3.8145],[126.8234,3.7275],[126.8513,3.7541],[126.8066,3.8276]]],[[[126.7216,3.8947],[126.6087,4.0415],[126.6138,3.9831],[126.6677,3.9302],[126.6839,3.8123],[126.706,3.8181],[126.6856,3.8702],[126.7216,3.8947]]],[[[126.8547,4.4643],[126.8088,4.5329],[126.7306,4.5362],[126.7337,4.461],[126.6801,4.334],[126.7163,4.2651],[126.7802,4.2488],[126.7915,4.2142],[126.6693,4.0466],[126.6806,3.9933],[126.763,3.9942],[126.808,4.0317],[126.7963,4.1469],[126.8706,4.2177],[126.8602,4.2502],[126.9112,4.2723],[126.8531,4.3685],[126.8547,4.4643]]],[[[125.5028,3.5527],[125.5042,3.4352],[125.534,3.4077],[125.5696,3.4404],[125.6054,3.3683],[125.645,3.3832],[125.6764,3.4263],[125.6622,3.5234],[125.6599,3.4848],[125.5851,3.5829],[125.5597,3.5777],[125.5947,3.6113],[125.5084,3.7224],[125.4248,3.7336],[125.3985,3.6681],[125.4384,3.6224],[125.5017,3.6097],[125.5028,3.5527]]],[[[127.0791,4.7167],[127.0918,4.7333],[127.0544,4.7323],[127.0791,4.7167]]]]}},{"type":"Feature","properties":{"codes":["12"]},"geometry":{"type":"MultiPolygon","coordinates":[[[[98.4376,-0.2467],[98.414,-0.2432],[98.4452,-0.2984],[98.3845,-0.3427],[98.3501,-0.5141],[98.2881,-0.5227],[98.4176,-0.598],[98.4299,-0.5318],[98.478,-0.5358],[98.471,-0.5697],[98.5058,-0.5561],[98.48,-0.5062],[98.506,-0.4933],[98.5,-0.3924],[98.5225,-0.3801],[98.4376,-0.2467]]],[[[97.8988,-0.0927],[97.8891,-0.0606],[97.8357,-0.0662],[97.8914,-0.1136],[97.8988,-0.0927]]],[[[98.3377,-0.0001],[98.2943,-0.0213],[98.3537,-0.0487],[98.5566,-0.3905],[98.5382,-0.3425],[98.5741,-0.2833],[98.493,-0.2104],[98.471,-0.0939],[98.4149,0.0023],[98.3377,-0.0001]]],[[[98.3231,-0.1138],[98.3469,-0.143],[98.336,-0.0948],[98.3231,-0.1138]]],[[[98.3393,-0.0946],[98.3471,-0.0744],[98.2977,-0.0584],[98.3393,-0.0946]]],[[[98.2692,-0.0716],[98.2855,-0.0935],[98.2715,-0.0321],[98.2692,-0.0716]]],[[[98.853,0.1082],[98.775,0.1693],[98.7197,0.1481],[98.7097,0.1755],[98.6121,0.1813],[98.5253,0.1417],[98.5358,0.102],[98.6303,0.0939],[98.6285,0.0651],[98.783,0.0962],[98.8539,0.0806],[98.853,0.1082]]],[[[98.2732,4.1407],[98.2438,4.1751],[98.2333,4.1467],[98.2732,4.1407]]],[[[98.4592,1.7011],[98.461,1.6376],[98.6106,1.6133],[98.588,1.6651],[98.5705,1.6507],[98.5477,1.682],[98.5348,1.6404],[98.4592,1.7011]]],[[[97.7798,0.5612],[97.8283,0.5444],[97.8203,0.5683],[97.9007,0.6254],[97.8944,0.8555],[97.9474,0.9545],[97.8967,1.0546],[97.8566,1.0649],[97.7989,1.1514],[97.6872,1.182],[97.5409,1.4203],[97.4813,1.4794],[97.4404,1.4733],[97.4162,1.5216],[97.3955,1.4994],[97.3399,1.5366],[97.3457,1.4807],[97.2707,1.4171],[97.1904,1.4187],[97.1809,1.3958],[97.1358,1.4317],[97.0607,1.4152],[97.155,1.3643],[97.2065,1.2682],[97.2543,1.2586],[97.3794,1.0601],[97.4058,0.9398],[97.4864,0.9398],[97.6327,0.8004],[97.6858,0.5837],[97.7798,0.5612]]],[[[98.1454,2.1533],[98.2644,2.0601],[98.2638,2.0281],[98.3404,2.0465],[98.3585,2.002],[98.4638,1.987],[98.6738,1.7434],[98.7338,1.7178],[98.7318,1.768],[98.6712,1.7796],[98.7422,1.7829],[98.7965,1.7249],[98.7869,1.6911],[98.825,1.678],[98.8418,1.6369],[98.8075,1.5673],[98.7826,1.5783],[98.762,1.5273],[98.7126,1.5606],[98.8512,1.3161],[98.9738,0.9222],[98.971,0.8473],[99.0584,0.7425],[99.0459,0.6376],[99.1072,0.5775],[99.0892,0.5286],[99.1405,0.3982],[99.1091,0.3462],[99.1608,0.2889],[99.1394,0.2512],[99.166,0.2359],[99.2355,0.3277],[99.3123,0.3435],[99.4039,0.4916],[99.503,0.5402],[99.5875,0.5166],[99.64,0.5472],[99.7166,0.4541],[99.9104,0.5],[99.9149,0.5688],[99.7907,0.7798],[99.7039,0.8561],[99.7128,0.895],[100.1813,0.7544],[100.1741,0.8201],[100.2148,0.8733],[100.2211,1.1534],[100.1444,1.227],[100.0723,1.3913],[100.4058,1.5619],[100.4402,1.6073],[100.3791,1.8122],[100.2962,1.9045],[100.3212,2.0876],[100.2774,2.38],[100.3149,2.5556],[100.22,2.7045],[100.1638,2.7063],[100.1217,2.6463],[100.143,2.5242],[100.1736,2.505],[100.1495,2.4736],[100.222,2.4426],[100.1492,2.4673],[100.165,2.5006],[100.143,2.5098],[100.0809,2.4728],[100.1341,2.5102],[100.0857,2.7118],[100.035,2.7408],[99.9694,2.7048],[100.0305,2.6685],[99.9969,2.6472],[100.0362,2.6084],[99.9965,2.5712],[99.9716,2.5908],[100.0008,2.5794],[100.0311,2.6167],[99.9905,2.6429],[100.0147,2.671],[99.949,2.6968],[99.9934,2.7823],[99.9874,2.9603],[99.8585,3.0383],[99.7586,3.1677],[99.5378,3.2525],[99.486,3.346],[99.3236,3.4119],[99.2905,3.4781],[98.9556,3.6763],[98.706,3.7721],[98.6891,3.8925],[98.5535,3.9445],[98.5401,4.0114],[98.4886,4.0098],[98.3884,4.0774],[98.3108,4.0724],[98.2737,4.1209],[98.1622,4.1512],[98.2545,4.2033],[98.2524,4.2888],[98.1998,4.3017],[98.0669,4.2531],[98.0948,4.2168],[98.0593,4.1907],[98.0736,4.1499],[98.0242,3.9726],[97.949,3.8909],[97.9043,3.9115],[97.9105,3.8229],[97.7995,3.7259],[97.867,3.5749],[97.9556,3.4814],[97.9319,3.4454],[97.9497,3.3915],[98.0274,3.3311],[97.9849,3.2756],[97.8723,3.249],[97.9268,3.225],[97.9806,3.1231],[97.9748,3.0699],[97.9306,3.0626],[97.9546,2.9015],[98.0068,2.8896],[98.0433,2.8264],[98.1117,2.7902],[98.0864,2.7375],[98.1292,2.6623],[98.084,2.6323],[98.0798,2.5274],[98.1876,2.3229],[98.1454,2.1533]]]]}},{"type":"Feature","properties":{"codes":["94","95","96","97"]},"geometry":{"type":"MultiPolygon","coordinates":[[[[138.7124,-7.1183],[138.715,-7.1563],[138.7706,-7.1648],[138.7124,-7.1183]]],[[[138.6686,-6.847],[138.7276,-6.8833],[138.7992,-6.8353],[138.7515,-6.7751],[138.6686,-6.847]]],[[[138.6368,-6.7304],[138.6141,-6.7676],[138.6776,-6.8364],[138.751,-6.7744],[138.6368,-6.7304]]],[[[138.671,-6.6972],[138.8318,-6.825],[138.9444,-6.8257],[138.9279,-6.7886],[138.8306,-6.7892],[138.8185,-6.7017],[138.6988,-6.6274],[138.671,-6.6972]]],[[[134.8027,-2.7078],[134.8638,-2.7078],[134.8137,-2.6827],[134.8027,-2.7078]]],[[[135.7906,-2.9504],[135.7405,-2.9342],[135.7077,-2.9721],[135.7906,-2.9504]]],[[[138.4975,-8.3204],[138.4689,-8.3539],[138.2644,-8.3916],[138.2632,-8.4155],[138.4218,-8.3933],[138.4975,-8.3204]]],[[[138.9624,-8.3529],[138.9212,-8.3283],[138.9291,-8.3621],[138.9624,-8.3529]]],[[[138.9993,-8.2892],[138.9356,-8.3123],[138.9737,-8.3296],[138.9993,-8.2892]]],[[[138.9943,-8.2294],[138.9234,-8.2792],[138.9344,-8.3033],[138.9776,-8.2899],[138.9943,-8.2294]]],[[[138.8516,-8.2054],[138.8487,-8.2554],[138.8911,-8.2659],[138.8516,-8.2054]]],[[[138.8147,-8.1383],[138.6791,-8.1714],[138.6625,-8.2367],[138.5578,-8.3456],[138.7377,-8.3865],[138.9074,-8.3794],[138.9164,-8.3011],[138.8439,-8.2595],[138.8147,-8.1383]]],[[[138.4988,-8.3172],[138.6149,-8.2498],[138.6789,-8.15],[138.7965,-8.1386],[138.8312,-8.0775],[138.9136,-8.0753],[138.8915,-7.915],[138.9946,-7.8495],[138.9976,-7.7398],[139.0884,-7.5737],[138.9356,-7.5446],[138.8623,-7.4345],[138.7785,-7.3776],[138.6268,-7.3698],[138.3215,-7.4276],[138.1192,-7.5352],[137.8688,-7.8524],[137.8015,-7.9937],[137.8106,-8.0328],[137.7059,-8.168],[137.6399,-8.4207],[137.6559,-8.4478],[137.8711,-8.373],[138.3025,-8.3914],[138.4709,-8.3503],[138.4988,-8.3172]]],[[[136.5928,-1.1628],[136.6255,-1.152],[136.6018,-1.1354],[136.5928,-1.1628]]],[[[134.8536,-1.1325],[134.9614,-1.1252],[134.9883,-1.0488],[134.9559,-0.9728],[134.9468,-0.9983],[134.9264,-0.9539],[134.8441,-0.9309],[134.7937,-0.9774],[134.7919,-1.0359],[134.8536,-1.1325]]],[[[135.4726,-0.6522],[135.4415,-0.6645],[135.4484,-0.6419],[135.3917,-0.6205],[135.36,-0.6366],[135.3959,-0.7277],[135.5378,-0.8714],[135.5229,-0.8028],[135.5025,-0.7885],[135.5002,-0.8124],[135.4674,-0.7439],[135.643,-0.8871],[135.7285,-0.7766],[135.7084,-0.8017],[135.7552,-0.8372],[135.825,-1.0318],[135.802,-1.098],[135.8734,-1.1733],[136.0014,-1.1425],[136.1416,-1.2002],[136.3141,-1.1408],[136.3849,-1.0836],[136.2556,-1.0171],[136.1709,-1.0431],[136.0915,-0.917],[136.042,-0.8971],[136.0513,-0.8564],[135.9246,-0.7895],[135.8538,-0.6999],[135.806,-0.6855],[135.748,-0.7416],[135.7237,-0.7104],[135.6836,-0.7183],[135.6449,-0.6634],[135.5955,-0.7023],[135.5964,-0.6658],[135.4726,-0.6522]]],[[[136.3608,-1.9626],[136.376,-1.9059],[136.3274,-1.9049],[136.3608,-1.9626]]],[[[134.8601,-4.2516],[135.2057,-4.4669],[135.3952,-4.4352],[135.7202,-4.4974],[135.918,-4.4896],[136.1085,-4.6234],[136.1549,-4.587],[136.1264,-4.6248],[136.3378,-4.6696],[136.8269,-4.9112],[136.9867,-4.8623],[136.9278,-4.908],[137.0913,-4.9769],[137.1205,-4.9509],[137.1822,-5.009],[137.2126,-4.9879],[137.3063,-5.0148],[137.4175,-5.1257],[137.4395,-5.0967],[137.6714,-5.215],[137.7389,-5.2873],[137.7375,-5.3728],[137.8932,-5.37],[138.0104,-5.5015],[138.0813,-5.5246],[138.0435,-5.6184],[138.0741,-5.7373],[138.1671,-5.7235],[138.1685,-5.8145],[138.2785,-5.8428],[138.2517,-5.9178],[138.394,-6.1679],[138.4326,-6.3647],[138.6777,-6.6054],[138.8058,-6.6758],[138.8349,-6.7848],[138.936,-6.7863],[138.9533,-6.8284],[139.1326,-6.9552],[139.2246,-6.9828],[139.1255,-6.9649],[138.9206,-6.8392],[138.8001,-6.8506],[138.7135,-6.9026],[138.6274,-6.8767],[138.5624,-6.9354],[138.5998,-7.0004],[138.8538,-7.1573],[139.1802,-7.2134],[139.2033,-7.1533],[139.2487,-7.1427],[139.1649,-7.2382],[139.0294,-7.2417],[138.9186,-7.1991],[138.6669,-7.211],[138.8911,-7.3427],[138.9637,-7.5181],[139.0508,-7.5162],[139.11,-7.5658],[139.0163,-7.7594],[139.0207,-7.8498],[138.9128,-7.9228],[138.9246,-8.0773],[138.8376,-8.1103],[138.9098,-8.2656],[138.9603,-8.2588],[138.9929,-8.2284],[138.9699,-8.2032],[139.0655,-8.1341],[139.2422,-8.0681],[139.2276,-8.1033],[139.2569,-8.1567],[139.3445,-8.2061],[139.5084,-8.1786],[139.712,-8.0974],[139.9516,-8.102],[140.0173,-8.223],[140.2269,-8.3562],[140.4987,-8.613],[140.6005,-8.7956],[140.8234,-9.0187],[140.8944,-9.0866],[141.0194,-9.1271],[141.0194,-6.892],[140.9556,-6.9105],[140.954,-6.8572],[140.9143,-6.8725],[140.9191,-6.8185],[140.87,-6.7921],[140.8995,-6.7511],[140.8462,-6.7198],[140.8771,-6.6218],[140.8417,-6.6106],[140.8908,-6.6057],[140.9117,-6.5733],[140.891,-6.5615],[140.9372,-6.5608],[140.9218,-6.5005],[140.9617,-6.4875],[140.9173,-6.4224],[140.9528,-6.4354],[140.9422,-6.4119],[140.9826,-6.3905],[140.9428,-6.3872],[140.9784,-6.363],[140.96,-6.3254],[141.0,-6.3227],[141.0,-2.6044],[140.9143,-2.6237],[140.7893,-2.5957],[140.7628,-2.629],[140.7102,-2.5944],[140.7375,-2.6275],[140.7055,-2.629],[140.7065,-2.539],[140.748,-2.5346],[140.7205,-2.4912],[140.613,-2.4398],[140.4975,-2.4439],[140.3482,-2.3954],[140.3716,-2.4567],[140.3361,-2.4653],[140.1533,-2.371],[140.1507,-2.3235],[140.1439,-2.3492],[140.111,-2.3192],[139.9998,-2.3767],[139.7512,-2.36],[139.125,-2.0307],[138.9913,-1.9725],[138.8607,-1.965],[138.6498,-1.7862],[138.3328,-1.7155],[138.1823,-1.6339],[138.1958,-1.6605],[138.1633,-1.684],[138.195,-1.6603],[138.1744,-1.6304],[138.0677,-1.6015],[137.9815,-1.5285],[137.9812,-1.5708],[138.1368,-1.6478],[138.0375,-1.6182],[138.0005,-1.6462],[137.9452,-1.634],[137.9452,-1.528],[137.969,-1.531],[137.931,-1.458],[137.788,-1.4795],[137.8357,-1.4795],[137.8498,-1.5092],[137.7445,-1.4775],[137.737,-1.5045],[137.4854,-1.5945],[137.2442,-1.7378],[137.3136,-1.8012],[137.2227,-1.7465],[137.1553,-1.7695],[137.1861,-1.8127],[137.1435,-1.8446],[137.1665,-1.9337],[137.232,-1.9744],[137.1901,-2.0011],[137.2595,-2.0467],[137.1756,-2.0781],[137.1704,-2.1126],[137.0583,-2.098],[137.0068,-2.125],[137.032,-2.1512],[136.9424,-2.121],[136.9074,-2.1783],[136.8049,-2.1773],[136.8133,-2.2222],[136.7455,-2.2548],[136.7055,-2.2277],[136.6748,-2.2627],[136.6008,-2.2541],[136.584,-2.1972],[136.5449,-2.2238],[136.5102,-2.1905],[136.4245,-2.2042],[136.3436,-2.2596],[136.3468,-2.3713],[136.2965,-2.4111],[136.224,-2.6122],[136.0172,-2.6942],[135.9059,-2.8701],[135.9451,-2.9553],[135.9291,-2.9399],[135.8155,-3.0405],[135.7307,-3.0666],[135.7784,-3.107],[135.6122,-3.1801],[135.5568,-3.3024],[135.4725,-3.3727],[135.3384,-3.3994],[135.1141,-3.3816],[135.0691,-3.3343],[134.9829,-3.324],[134.9537,-3.2508],[134.9173,-3.2448],[134.9335,-3.2723],[134.8614,-3.2493],[134.8621,-3.1586],[134.8011,-3.131],[134.814,-3.0813],[134.8377,-3.0959],[134.8133,-3.0234],[134.8533,-3.0042],[134.8324,-2.9675],[134.8555,-2.8844],[134.8259,-2.883],[134.8204,-2.9382],[134.7786,-2.9413],[134.7678,-2.9918],[134.6974,-2.9737],[134.669,-2.8021],[134.4183,-3.0027],[134.4142,-3.1125],[134.2737,-3.2345],[134.2105,-3.385],[135.2526,-3.7422],[134.8601,-4.2516]]],[[[137.1613,-1.9325],[137.1385,-1.8486],[137.1634,-1.7988],[137.1347,-1.7738],[137.0892,-1.8529],[137.1613,-1.9325]]],[[[137.0171,-1.832],[136.9512,-1.8381],[137.0556,-1.87],[137.0171,-1.832]]],[[[135.2168,-1.5033],[135.2152,-1.4753],[135.1553,-1.4904],[135.1198,-1.461],[135.0908,-1.501],[135.2485,-1.5295],[135.3366,-1.4839],[135.2613,-1.4797],[135.2532,-1.5223],[135.2441,-1.4842],[135.2168,-1.5033]]],[[[135.7228,-1.6957],[135.8314,-1.7626],[135.8668,-1.7638],[135.861,-1.7379],[135.9006,-1.7889],[135.9121,-1.7553],[135.9346,-1.8042],[135.949,-1.7872],[136.0689,-1.8495],[136.1736,-1.8743],[136.1979,-1.8548],[136.2231,-1.9082],[136.2467,-1.8856],[136.2585,-1.9131],[136.3136,-1.8642],[136.5419,-1.898],[136.5033,-1.8519],[136.6444,-1.8707],[136.7203,-1.8165],[136.8489,-1.828],[136.9043,-1.7923],[136.789,-1.7393],[136.4456,-1.6978],[136.3686,-1.7172],[136.2033,-1.6489],[135.9135,-1.6348],[135.8656,-1.6575],[135.4093,-1.6028],[135.4657,-1.636],[135.477,-1.682],[135.5546,-1.6626],[135.627,-1.6865],[135.6097,-1.6981],[135.7228,-1.6957]]]]}},{"type":"Feature","properties":{"codes":["14"]},"geometry":{"type":"MultiPolygon","coordinates":[[[[103.0906,0.7912],[103.0937,0.7163],[103.1157,0.7349],[103.0906,0.7912]]],[[[102.6561,1.0115],[102.7361,1.0397],[102.778,1.0188],[102.8172,1.0722],[102.8615,1.0708],[102.8742,1.0449],[102.7936,1.0284],[102.8045,0.9946],[103.0707,0.8339],[103.1545,0.85],[103.1521,0.8998],[103.0028,1.0725],[102.9022,1.1222],[102.7351,1.1523],[102.6237,1.0181],[102.6561,1.0115]]],[[[102.8373,1.071],[102.8241,1.0535],[102.8656,1.0568],[102.8373,1.071]]],[[[103.5188,-0.2],[103.569,-0.1863],[103.4789,-0.2024],[103.5188,-0.2]]],[[[103.1497,0.6372],[103.1387,0.5579],[103.1667,0.4994],[103.2883,0.5325],[103.2986,0.6167],[103.2477,0.6878],[103.1816,0.6971],[103.1497,0.6372]]],[[[103.0288,0.6364],[103.0704,0.5649],[103.0563,0.6507],[103.0288,0.6364]]],[[[102.6072,1.0344],[102.538,1.129],[102.4794,1.1232],[102.4595,1.0662],[102.4995,0.9455],[102.6089,1.0051],[102.6072,1.0344]]],[[[103.4845,-0.7703],[103.3891,-0.7182],[103.4389,-0.5187],[103.5421,-0.5042],[103.604,-0.4345],[103.5969,-0.3956],[103.7872,-0.3416],[103.7104,-0.2567],[103.5146,-0.2022],[103.4505,-0.2137],[103.4541,-0.1612],[103.4053,-0.1485],[103.4713,-0.1719],[103.5015,-0.1458],[103.4462,-0.0891],[103.5273,-0.1231],[103.5844,-0.1035],[103.5561,-0.0716],[103.5947,-0.0253],[103.6632,-0.0519],[103.6862,-0.022],[103.8138,-0.0047],[103.7128,0.3046],[103.6046,0.3519],[103.407,0.5257],[103.3275,0.5436],[103.1883,0.4607],[103.1076,0.4558],[102.8825,0.7327],[102.6736,0.756],[102.5713,0.7374],[102.4219,0.8002],[102.2265,1.002],[102.1922,1.0875],[102.2092,1.1889],[102.1496,1.268],[102.1475,1.3794],[101.7534,1.6636],[101.5614,1.6372],[101.4097,1.6978],[101.3575,1.7782],[101.3045,2.0387],[101.0779,2.211],[101.0398,2.2918],[100.7665,2.2697],[100.7888,2.1191],[100.8773,2.0441],[100.8809,1.9596],[100.783,2.0752],[100.5665,2.1574],[100.3947,2.3212],[100.3149,2.5556],[100.2774,2.38],[100.3212,2.0876],[100.2962,1.9045],[100.3791,1.8122],[100.4402,1.6073],[100.4058,1.5619],[100.0723,1.3913],[100.1444,1.227],[100.2211,1.1534],[100.2148,0.8733],[100.1741,0.8201],[100.2082,0.7065],[100.1618,0.6257],[100.2995,0.4326],[100.3638,0.4102],[100.497,0.4446],[100.7553,0.2552],[100.8125,0.2685],[100.8454,0.0154],[100.8092,-0.0411],[100.7767,-0.0124],[100.7338,-0.0432],[100.7927,-0.1003],[100.7618,-0.1412],[100.7762,-0.2138],[100.8465,-0.3394],[100.9075,-0.3717],[100.915,-0.3257],[100.9964,-0.3144],[101.0364,-0.3494],[101.0248,-0.3984],[101.0689,-0.5006],[101.1623,-0.5363],[101.2538,-0.6254],[101.3598,-0.6593],[101.3958,-0.7387],[101.5969,-0.8505],[101.6503,-0.9341],[101.8453,-0.9826],[101.9836,-0.8804],[102.1166,-0.9212],[102.165,-0.8987],[102.2036,-0.9485],[102.3068,-0.9174],[102.3862,-0.9934],[102.3824,-1.0267],[102.4425,-1.0254],[102.4838,-1.081],[102.638,-1.1204],[102.7794,-1.0266],[102.7895,-0.9769],[102.9134,-0.8864],[103.0089,-0.7552],[103.126,-0.7464],[103.3601,-0.8032],[103.4845,-0.7703]]],[[[102.6564,0.7881],[102.918,0.7762],[103.0207,0.6853],[103.0559,0.7855],[103.0457,0.8263],[102.765,1.0102],[102.6963,0.9356],[102.7481,0.9083],[102.791,0.9403],[102.7768,0.9129],[102.6985,0.9272],[102.7413,1.0215],[102.59,1.0011],[102.481,0.9272],[102.4477,0.9354],[102.4076,0.885],[102.5106,0.7864],[102.5891,0.7658],[102.6564,0.7881]]],[[[102.4729,1.2506],[102.2962,1.409],[102.2129,1.4125],[102.206,1.2757],[102.244,1.2069],[102.2479,1.0727],[102.2829,0.9944],[102.3922,0.9105],[102.4357,0.9488],[102.4848,0.945],[102.4398,1.0644],[102.4863,1.1995],[102.4729,1.2506]]],[[[102.3868,1.3344],[102.5078,1.2562],[102.4961,1.4691],[102.4609,1.5185],[102.0021,1.6009],[102.1065,1.4671],[102.2955,1.4285],[102.3868,1.3344]]],[[[100.8757,2.0345],[100.7935,2.0947],[100.8702,1.9956],[100.8757,2.0345]]],[[[100.7349,2.2616],[100.721,2.1759],[100.7851,2.1209],[100.7349,2.2616]]],[[[101.3878,1.9068],[101.4515,1.7293],[101.6157,1.6878],[101.7311,1.7591],[101.7809,1.9802],[101.6557,2.1252],[101.5677,2.0651],[101.5775,2.032],[101.466,2.0632],[101.4063,2.0234],[101.3878,1.9068]]]]}},{"type":"Feature","properties":{"codes":["21"]},"geometry":{"type":"MultiPolygon","coordinates":[[[[104.1891,-0.3937],[104.2232,-0.4291],[104.2289,-0.3932],[104.1891,-0.3937]]],[[[104.4471,-0.344],[104.4025,-0.4081],[104.347,-0.3887],[104.3448,-0.4446],[104.3106,-0.4174],[104.338,-0.3878],[104.3247,-0.3399],[104.2441,-0.4859],[104.3093,-0.5402],[104.3314,-0.5132],[104.3588,-0.6827],[104.4301,-0.5739],[104.5046,-0.6436],[104.5345,-0.5406],[104.6007,-0.4682],[104.531,-0.3651],[104.4471,-0.344]]],[[[104.1714,-0.371],[104.2341,-0.3877],[104.2296,-0.3639],[104.1714,-0.371]]],[[[104.4273,-0.2907],[104.3865,-0.2976],[104.4391,-0.3301],[104.4912,-0.3062],[104.477,-0.2791],[104.4273,-0.2907]]],[[[107.2308,0.1029],[107.25,0.1453],[107.2058,0.1273],[107.2308,0.1029]]],[[[104.2156,0.1858],[104.2005,0.1676],[104.2314,0.156],[104.2357,0.2006],[104.2156,0.1858]]],[[[104.4947,0.0001],[104.5056,-0.1302],[104.4276,-0.1846],[104.4301,-0.2371],[104.4991,-0.2438],[104.5222,-0.2753],[104.7029,-0.2022],[104.8481,-0.3221],[104.919,-0.3357],[104.9174,-0.2783],[105.0019,-0.3038],[104.8895,-0.224],[104.829,-0.1354],[104.8158,-0.2037],[104.7505,-0.1882],[104.6871,-0.0884],[104.6641,-0.0853],[104.6676,-0.1146],[104.633,-0.0984],[104.6279,-0.0759],[104.668,-0.075],[104.6097,-0.0133],[104.5515,0.0288],[104.5579,-0.0002],[104.4947,0.0001]]],[[[104.7655,0.0459],[104.7347,0.0426],[104.7835,0.0312],[104.7655,0.0459]]],[[[104.3798,0.1266],[104.4949,0.0147],[104.4627,0.0573],[104.4857,0.044],[104.4936,0.0727],[104.4064,0.1624],[104.4302,0.0908],[104.3798,0.1266]]],[[[104.3455,0.294],[104.3901,0.2816],[104.3334,0.3241],[104.3455,0.294]]],[[[104.3314,0.3761],[104.3904,0.2892],[104.4212,0.2994],[104.3989,0.3146],[104.4344,0.308],[104.3314,0.3761]]],[[[104.522,0.3987],[104.5335,0.3605],[104.5295,0.406],[104.562,0.4138],[104.5138,0.4348],[104.522,0.3987]]],[[[104.5619,0.1186],[104.7019,0.0181],[104.5259,0.2383],[104.5304,0.2101],[104.478,0.2424],[104.5619,0.1186]]],[[[103.4803,0.666],[103.4637,0.6206],[103.522,0.6914],[103.4803,0.666]]],[[[104.0823,0.6308],[104.0863,0.6028],[104.1047,0.6248],[104.0823,0.6308]]],[[[104.2127,0.7032],[104.289,0.611],[104.2793,0.6717],[104.2127,0.7032]]],[[[103.7014,0.7032],[103.7435,0.6849],[103.7463,0.737],[103.6927,0.7267],[103.7014,0.7032]]],[[[104.7216,0.7575],[104.7306,0.7194],[104.7601,0.7317],[104.7216,0.7575]]],[[[104.6272,0.7128],[104.6621,0.7527],[104.6114,0.7312],[104.6272,0.7128]]],[[[104.7131,0.7508],[104.6887,0.7626],[104.6971,0.7352],[104.7131,0.7508]]],[[[104.5778,0.7706],[104.5469,0.7975],[104.5091,0.7444],[104.5778,0.7706]]],[[[104.2362,0.7032],[104.3111,0.708],[104.2642,0.7429],[104.2775,0.7971],[104.1713,0.7817],[104.2362,0.7032]]],[[[104.6985,0.7927],[104.6879,0.7707],[104.7522,0.7518],[104.7477,0.7856],[104.6985,0.7927]]],[[[104.5967,0.7935],[104.5819,0.752],[104.6353,0.7831],[104.5967,0.7935]]],[[[103.5307,0.7784],[103.545,0.7548],[103.551,0.7925],[103.5307,0.7784]]],[[[104.1863,0.5762],[104.1971,0.5411],[104.1931,0.5643],[104.23,0.5699],[104.1948,0.6089],[104.1863,0.5762]]],[[[109.0278,2.4828],[109.1131,2.5042],[109.1204,2.5306],[108.9772,2.5558],[108.9794,2.521],[109.0336,2.5151],[109.0074,2.4999],[109.0278,2.4828]]],[[[104.384,1.0154],[104.3663,0.9901],[104.3983,0.9977],[104.384,1.0154]]],[[[104.1711,0.9957],[104.1802,1.0298],[104.1522,1.01],[104.1711,0.9957]]],[[[103.7482,1.03],[103.8052,0.9725],[103.7915,1.0462],[103.7482,1.03]]],[[[103.8351,1.0548],[103.8824,1.0542],[103.8425,1.0749],[103.8351,1.0548]]],[[[103.3595,1.1314],[103.3112,1.0872],[103.3163,1.0353],[103.4432,0.9906],[103.4228,1.0469],[103.3763,1.056],[103.3983,1.0569],[103.3897,1.1202],[103.3595,1.1314]]],[[[103.9093,1.0548],[103.943,1.0094],[103.9899,1.0259],[104.0094,0.9864],[104.0413,0.9829],[104.0321,1.0151],[104.1014,0.983],[104.0825,1.0286],[104.1368,1.0396],[104.144,1.163],[104.0828,1.1947],[104.075,1.1204],[104.0055,1.1874],[104.0003,1.1204],[103.92,1.1426],[103.9367,1.0832],[103.8898,1.0975],[103.9093,1.0548]]],[[[106.2512,2.7273],[106.2272,2.8047],[106.1952,2.8092],[106.223,2.7698],[106.2027,2.7568],[106.2512,2.7273]]],[[[108.8475,2.8514],[108.8847,2.8799],[108.8892,3.0029],[108.8639,3.0118],[108.7756,2.8918],[108.818,2.8434],[108.8475,2.8514]]],[[[108.8433,3.0117],[108.8697,3.0218],[108.8419,3.0546],[108.8433,3.0117]]],[[[107.8042,2.9813],[107.7982,3.0168],[107.748,3.0063],[107.7567,2.9722],[107.8042,2.9813]]],[[[105.6564,3.1169],[105.6448,3.0915],[105.6743,3.0917],[105.6564,3.1169]]],[[[105.8513,2.987],[105.7406,2.972],[105.7392,3.0504],[105.7181,3.0329],[105.6904,3.0607],[105.6767,3.0096],[105.7155,2.9624],[105.6946,2.8507],[105.7268,2.8171],[105.7703,2.84],[105.7222,2.8735],[105.7689,2.8729],[105.7847,2.9067],[105.8228,2.887],[105.7948,2.9086],[105.8288,2.9105],[105.8109,2.9446],[105.8199,2.9696],[105.8511,2.9566],[105.8513,2.987]]],[[[105.7122,3.0758],[105.7335,3.0912],[105.6987,3.1006],[105.7122,3.0758]]],[[[106.329,3.1147],[106.3167,3.1695],[106.2855,3.122],[106.3088,3.0865],[106.329,3.1147]]],[[[106.2263,3.3132],[106.2233,3.3936],[106.1721,3.3323],[106.1885,3.3005],[106.2013,3.3269],[106.2263,3.3132]]],[[[106.3175,3.3465],[106.3203,3.3245],[106.3445,3.4177],[106.3175,3.3465]]],[[[107.9862,4.7097],[108.0076,4.7741],[107.9288,4.6804],[107.9647,4.6684],[107.9862,4.7097]]],[[[108.0548,3.6294],[108.085,3.6386],[108.0689,3.6698],[108.0447,3.6638],[108.0548,3.6294]]],[[[108.1259,3.623],[108.0946,3.6357],[108.0662,3.5863],[108.1061,3.5872],[108.1259,3.623]]],[[[108.0406,3.7684],[108.0267,3.8084],[107.9934,3.8116],[108.0406,3.7684]]],[[[108.3873,3.7933],[108.4086,3.8856],[108.3774,3.8565],[108.3543,3.9011],[108.3901,3.8966],[108.4033,3.9643],[108.2337,4.1288],[108.2258,4.2329],[108.0636,4.0647],[107.9626,4.005],[108.061,3.8349],[108.2229,3.7893],[108.2332,3.8167],[108.2757,3.715],[108.2011,3.7724],[108.1177,3.745],[108.0934,3.6943],[108.1568,3.6292],[108.2979,3.659],[108.3133,3.7371],[108.3873,3.7933]]],[[[106.2747,3.1778],[106.2523,3.2212],[106.1982,3.23],[106.2113,3.121],[106.2368,3.0962],[106.2558,3.1195],[106.279,3.077],[106.2747,3.1778]]],[[[106.284,3.2265],[106.259,3.2868],[106.289,3.2517],[106.3069,3.367],[106.2819,3.3837],[106.2272,3.2603],[106.284,3.2265]]],[[[103.3595,0.8455],[103.3515,0.7422],[103.4001,0.648],[103.4589,0.6385],[103.5108,0.761],[103.3967,0.888],[103.3696,0.8924],[103.3595,0.8455]]],[[[103.7108,0.7527],[103.7286,0.7649],[103.6654,0.8322],[103.7108,0.7527]]],[[[103.9085,0.8323],[103.8864,0.7946],[103.9194,0.7541],[103.941,0.7868],[103.9085,0.8323]]],[[[103.8347,0.7742],[103.7832,0.8715],[103.7246,0.882],[103.7575,0.8038],[103.8206,0.7517],[103.8347,0.7742]]],[[[103.5224,0.8103],[103.4109,0.8854],[103.42,0.8436],[103.5277,0.7658],[103.5224,0.8103]]],[[[104.621,0.8084],[104.668,0.8184],[104.648,0.8681],[104.621,0.8084]]],[[[103.9047,0.8296],[103.8123,0.8981],[103.8833,0.797],[103.9047,0.8296]]],[[[103.4867,0.8565],[103.4749,0.9145],[103.4069,0.9095],[103.4867,0.8565]]],[[[104.1262,0.9449],[104.0777,0.9603],[104.0922,0.8708],[104.1453,0.8576],[104.1686,0.7865],[104.245,0.8206],[104.2633,0.8635],[104.1849,0.8867],[104.1675,0.8669],[104.1262,0.9449]]],[[[104.6613,0.8652],[104.6922,0.8474],[104.6996,0.8857],[104.6613,0.8652]]],[[[104.6246,0.8966],[104.6284,0.8536],[104.6617,0.8795],[104.6246,0.8966]]],[[[107.5437,0.9846],[107.5739,1.0078],[107.553,0.9477],[107.6025,0.9972],[107.5327,1.0263],[107.5437,0.9846]]],[[[103.4974,0.8672],[103.5296,0.8795],[103.4891,0.9272],[103.4974,0.8672]]],[[[103.4362,0.9371],[103.4165,0.9501],[103.4132,0.9181],[103.4362,0.9371]]],[[[103.4783,0.9208],[103.4633,0.9584],[103.4267,0.9573],[103.4783,0.9208]]],[[[104.1501,0.9584],[104.1536,0.9341],[104.1983,0.9481],[104.1501,0.9584]]],[[[103.9192,1.0095],[103.8679,1.0375],[103.8317,0.9897],[103.9435,0.9093],[103.9676,0.9661],[103.9192,1.0095]]],[[[104.4141,0.9749],[104.4816,0.9312],[104.4375,0.9255],[104.4941,0.8747],[104.4753,0.8498],[104.5551,0.8144],[104.6097,0.8271],[104.6205,0.9004],[104.66,0.914],[104.6358,0.9901],[104.6578,1.0445],[104.5777,1.1551],[104.5843,1.2286],[104.4986,1.1685],[104.4067,1.2024],[104.3393,1.1905],[104.3098,1.1785],[104.3282,1.1376],[104.2387,1.1239],[104.2146,1.0661],[104.2559,1.0018],[104.3795,1.0112],[104.4031,1.0546],[104.496,1.0348],[104.4411,1.0012],[104.4832,0.9728],[104.4141,0.9749]]]]}},{"type":"Feature","properties":{"codes":["63"]},"geometry":{"type":"MultiPolygon","coordinates":[[[[115.7665,-4.8376],[115.8546,-4.785],[115.8568,-4.7545],[115.7665,-4.8376]]],[[[116.177,-2.9235],[116.1492,-2.8986],[116.1489,-2.9353],[116.2035,-2.9432],[116.177,-2.9235]]],[[[116.0618,-3.8664],[116.08,-3.924],[116.0392,-4.0243],[116.0481,-4.0624],[116.0803,-4.0261],[116.0907,-4.0854],[116.1165,-4.022],[116.1434,-4.0352],[116.2745,-3.9067],[116.31,-3.9168],[116.2713,-3.816],[116.3389,-3.7278],[116.2997,-3.7115],[116.3064,-3.5897],[116.2711,-3.5439],[116.314,-3.4739],[116.2496,-3.3737],[116.2802,-3.2144],[116.1153,-3.3036],[116.0379,-3.4824],[116.005,-3.6819],[116.0768,-3.8107],[116.0618,-3.8664]]],[[[116.0207,-3.4288],[116.0262,-3.4568],[116.0409,-3.4215],[116.0207,-3.4288]]],[[[116.3675,-3.6511],[116.3989,-3.6271],[116.4347,-3.4214],[116.4083,-3.3604],[116.3124,-3.5551],[116.3675,-3.6511]]],[[[114.3532,-3.4468],[114.4993,-3.5108],[114.6119,-3.6397],[114.604,-3.8305],[114.6385,-4.0392],[114.6189,-4.1607],[114.6624,-4.1783],[115.7158,-3.7318],[115.8467,-3.6268],[115.9708,-3.6069],[116.0322,-3.3631],[116.0855,-3.2825],[116.1849,-3.2421],[116.1679,-3.1674],[116.2067,-3.1292],[116.2737,-3.1297],[116.182,-3.0586],[116.1773,-2.9982],[116.0851,-2.9904],[116.1227,-2.9605],[116.1017,-2.9333],[116.1323,-2.8893],[116.1219,-2.8213],[116.2087,-2.9416],[116.2144,-3.0022],[116.2707,-3.0018],[116.3641,-2.8788],[116.3686,-2.6623],[116.4155,-2.5789],[116.359,-2.5498],[116.3232,-2.5801],[116.3119,-2.5352],[116.4505,-2.5023],[116.4811,-2.5716],[116.5121,-2.5618],[116.5538,-2.4191],[116.4348,-2.3708],[116.0114,-2.3248],[115.9669,-2.2926],[115.8959,-2.3384],[115.8883,-2.3792],[115.8356,-2.3867],[115.8363,-2.3013],[115.7812,-2.1977],[115.8183,-2.0663],[115.7065,-2.0358],[115.7297,-2.0077],[115.7,-1.9867],[115.7266,-1.787],[115.6291,-1.6062],[115.6367,-1.5469],[115.5368,-1.5317],[115.6474,-1.3878],[115.6746,-1.3944],[115.6711,-1.4438],[115.7078,-1.4149],[115.7571,-1.3024],[115.6895,-1.3663],[115.5243,-1.4298],[115.4005,-1.4349],[115.3103,-1.8069],[115.351,-1.9304],[115.2782,-2.0012],[115.3247,-2.0849],[115.2912,-2.2263],[115.2408,-2.1984],[114.8757,-2.464],[114.7608,-2.7218],[114.6804,-2.7415],[114.6644,-2.8018],[114.5911,-2.821],[114.4976,-3.0006],[114.4783,-3.1268],[114.3977,-3.2568],[114.3532,-3.4468]]]]}},{"type":"Feature","properties":{"codes":["73"]},"geometry":{"type":"MultiPolygon","coordinates":[[[[121.7835,-7.3364],[121.7543,-7.3511],[121.7551,-7.4229],[121.8396,-7.3714],[121.8279,-7.3332],[121.7835,-7.3364]]],[[[121.1659,-7.3477],[121.0826,-7.3036],[121.0598,-7.3716],[121.099,-7.3984],[121.1659,-7.3477]]],[[[120.9376,-7.2838],[120.7959,-7.2709],[121.0027,-7.333],[121.0639,-7.3012],[120.9376,-7.2838]]],[[[120.6683,-7.1468],[120.6462,-7.1261],[120.7679,-7.1352],[120.7869,-7.0609],[120.737,-7.0751],[120.6213,-7.0021],[120.6043,-7.0749],[120.6683,-7.1468]]],[[[120.8107,-6.8399],[120.7901,-6.7775],[120.7957,-6.8668],[120.8107,-6.8399]]],[[[120.4323,-6.1061],[120.3923,-6.1806],[120.4157,-6.209],[120.4323,-6.1061]]],[[[120.4763,-6.3162],[120.4542,-6.3831],[120.484,-6.4993],[120.51,-6.4436],[120.4951,-6.3914],[120.5386,-6.3278],[120.5243,-6.2237],[120.5684,-6.056],[120.493,-5.7676],[120.4613,-5.7937],[120.4661,-6.0932],[120.4303,-6.1689],[120.4763,-6.3162]]],[[[117.6779,-5.2022],[117.6595,-5.1758],[117.6549,-5.222],[117.6779,-5.2022]]],[[[119.2619,-5.5117],[119.3022,-5.5272],[119.3176,-5.4892],[119.2902,-5.4676],[119.2751,-5.5025],[119.2519,-5.4897],[119.2619,-5.5117]]],[[[117.8956,-5.2707],[117.8892,-5.234],[117.8893,-5.2959],[117.8956,-5.2707]]],[[[119.8133,-2.0452],[119.6297,-2.1641],[119.5973,-2.2948],[119.6911,-2.3368],[119.7169,-2.3935],[119.6903,-2.4382],[119.7224,-2.5006],[119.7018,-2.5539],[119.7529,-2.6055],[119.7598,-2.6936],[119.6458,-2.7565],[119.4955,-2.74],[119.5274,-2.7929],[119.5365,-2.941],[119.6313,-3.1207],[119.5473,-3.13],[119.4861,-3.1837],[119.4176,-3.1771],[119.3907,-3.2111],[119.4397,-3.2653],[119.436,-3.344],[119.4927,-3.4769],[119.4744,-3.5025],[119.5139,-3.5606],[119.4529,-3.7131],[119.5868,-4.0395],[119.6137,-4.0044],[119.5862,-3.9736],[119.6351,-3.968],[119.6063,-4.0848],[119.6378,-4.1735],[119.6237,-4.2387],[119.5956,-4.2388],[119.6377,-4.3204],[119.5967,-4.4162],[119.594,-4.5701],[119.4821,-4.7514],[119.5251,-4.9237],[119.4664,-5.0257],[119.4794,-5.0601],[119.3808,-5.1674],[119.3589,-5.4029],[119.4212,-5.4827],[119.4406,-5.5968],[119.4885,-5.6043],[119.4598,-5.5772],[119.5172,-5.5357],[119.5105,-5.5665],[119.5708,-5.605],[119.5449,-5.6195],[119.5572,-5.6489],[119.6123,-5.6128],[119.6546,-5.6338],[119.6472,-5.6819],[119.7033,-5.7025],[119.8429,-5.6697],[119.8391,-5.6348],[119.9357,-5.5444],[120.1293,-5.5883],[120.3179,-5.5075],[120.4735,-5.6195],[120.4051,-5.3415],[120.3305,-5.2892],[120.27,-5.146],[120.3055,-4.868],[120.3832,-4.8381],[120.3998,-4.7093],[120.4583,-4.6576],[120.3971,-4.6007],[120.3766,-4.5115],[120.4016,-4.4799],[120.3376,-4.3991],[120.3934,-4.3356],[120.3577,-4.3046],[120.3732,-4.1452],[120.3214,-4.0979],[120.3608,-4.0236],[120.3435,-3.8909],[120.4414,-3.7401],[120.3795,-3.4997],[120.4216,-3.265],[120.3815,-3.2024],[120.2549,-3.1589],[120.2585,-3.0653],[120.1926,-2.9618],[120.4497,-2.8261],[120.5655,-2.6911],[120.6722,-2.6453],[120.8175,-2.6192],[120.8579,-2.6572],[120.8892,-2.6395],[120.9996,-2.6792],[121.0446,-2.6405],[121.0374,-2.6943],[121.0984,-2.7166],[120.9778,-2.8223],[121.0926,-2.7703],[121.1383,-2.9161],[121.2949,-3.0794],[121.3576,-3.019],[121.4791,-2.9978],[121.6382,-2.8892],[121.738,-2.737],[121.7931,-2.7095],[121.7015,-2.5519],[121.4831,-2.4871],[121.3457,-2.3803],[120.9033,-2.2197],[120.6952,-2.2079],[120.5844,-2.1271],[120.3878,-1.8825],[120.3249,-2.0527],[120.1215,-2.0117],[120.0988,-1.9674],[119.9904,-1.9703],[119.8858,-2.0459],[119.8133,-2.0452]]]]}},{"type":"Feature","properties":{"codes":["16"]},"geometry":{"type":"Polygon","coordinates":[[[103.7789,-4.7951],[103.8146,-4.7876],[103.8661,-4.8456],[103.8497,-4.9181],[103.9272,-4.8763],[103.9603,-4.9126],[104.0597,-4.8858],[104.1121,-4.9202],[104.1945,-4.8614],[104.3342,-4.8706],[104.3676,-4.7977],[104.2886,-4.6803],[104.3423,-4.6013],[104.323,-4.4564],[104.3699,-4.3533],[104.6219,-4.2166],[104.6433,-4.2459],[104.7904,-4.2623],[105.0123,-4.1728],[105.1198,-4.0467],[105.1388,-3.9362],[105.2774,-3.8772],[105.2843,-3.7976],[105.3316,-3.7245],[105.3575,-3.7971],[105.4318,-3.7835],[105.4328,-3.8269],[105.5238,-3.8402],[105.5255,-3.895],[105.5467,-3.881],[105.5629,-3.9288],[105.606,-3.9332],[105.5902,-3.9543],[105.6307,-4.0048],[105.6081,-4.0572],[105.661,-4.0461],[105.6506,-4.0861],[105.681,-4.0755],[105.7025,-4.1372],[105.7455,-4.1449],[105.776,-4.1112],[105.8419,-4.1633],[105.8647,-4.0296],[105.9611,-3.8306],[105.8316,-3.7119],[105.8241,-3.5937],[105.931,-3.3579],[106.0974,-3.2288],[106.0504,-3.127],[106.0445,-2.9878],[105.9584,-2.9435],[105.8525,-2.9534],[105.7873,-2.8731],[105.7792,-2.682],[105.7003,-2.6849],[105.6351,-2.6435],[105.6055,-2.5734],[105.6218,-2.3914],[105.5787,-2.4186],[105.2969,-2.3719],[105.2114,-2.3267],[105.0248,-2.3926],[105.0406,-2.3558],[104.9106,-2.3337],[104.9031,-2.2795],[104.8488,-2.2843],[104.8392,-2.3365],[104.7723,-2.3907],[104.7103,-2.3671],[104.9034,-2.1917],[104.8791,-2.053],[104.8299,-2.0047],[104.7189,-1.9943],[104.6842,-2.0551],[104.6583,-1.9638],[104.6109,-2.0053],[104.562,-2.0005],[104.608,-1.9981],[104.6443,-1.9248],[104.5525,-1.8545],[104.5205,-1.9267],[104.4657,-1.9113],[104.5448,-1.7785],[104.4894,-1.6608],[104.4272,-1.6308],[104.371,-1.6418],[104.345,-1.7382],[104.0934,-1.7862],[103.8784,-1.743],[103.8218,-1.7963],[103.7198,-1.8013],[103.5858,-1.8576],[103.5369,-1.9037],[103.5212,-2.0301],[103.5176,-2.1024],[103.5578,-2.1401],[103.4532,-2.1775],[103.4491,-2.3581],[103.3016,-2.2368],[103.2727,-2.1481],[103.2235,-2.1372],[103.1607,-2.2338],[103.2054,-2.3213],[103.1222,-2.3574],[103.0547,-2.3183],[103.0217,-2.3495],[102.8737,-2.3107],[102.84,-2.3721],[102.8775,-2.4177],[102.793,-2.5389],[102.623,-2.6242],[102.5915,-2.683],[102.4616,-2.7033],[102.2558,-2.6227],[102.2277,-2.6923],[102.0635,-2.7665],[102.1326,-2.8759],[102.2179,-2.9294],[102.253,-3.0333],[102.3225,-3.068],[102.3899,-3.0443],[102.4623,-3.0727],[102.4918,-3.2448],[102.586,-3.3287],[102.6331,-3.3502],[102.79,-3.2855],[102.8119,-3.3364],[102.8978,-3.3328],[102.9014,-3.3804],[102.9984,-3.37],[102.994,-3.5189],[102.9563,-3.5676],[102.9018,-3.615],[102.8141,-3.5259],[102.8065,-3.6169],[102.7459,-3.6696],[102.7338,-3.7418],[102.6197,-3.8007],[102.8218,-3.9699],[103.1282,-4.0256],[103.1841,-4.1432],[103.1829,-4.2388],[103.2963,-4.258],[103.3654,-4.3152],[103.4605,-4.3204],[103.5125,-4.3761],[103.5997,-4.3581],[103.6252,-4.4249],[103.5721,-4.5006],[103.6361,-4.5545],[103.5979,-4.5912],[103.686,-4.6338],[103.7051,-4.701],[103.6821,-4.728],[103.763,-4.7406],[103.7789,-4.7951]]]}},{"type":"Feature","properties":{"codes":["74"]},"geometry":{"type":"MultiPolygon","coordinates":[[[[123.9918,-5.9671],[124.047,-5.9838],[124.0452,-6.0354],[124.0784,-6.0204],[124.0414,-5.9083],[123.9865,-5.8783],[123.9691,-5.9373],[123.9918,-5.9671]]],[[[123.9176,-5.8183],[123.9462,-5.809],[123.9022,-5.8016],[123.9176,-5.8183]]],[[[123.9507,-5.7265],[123.8935,-5.7413],[123.9379,-5.7801],[124.0057,-5.7635],[123.9507,-5.7265]]],[[[123.8807,-5.5729],[123.8282,-5.5609],[123.8599,-5.5939],[123.8807,-5.5729]]],[[[123.492,-5.3634],[123.5414,-5.3771],[123.4647,-5.3269],[123.492,-5.3634]]],[[[123.6351,-5.4157],[123.5852,-5.4122],[123.6292,-5.4356],[123.6351,-5.4157]]],[[[123.5293,-5.3158],[123.5821,-5.3828],[123.6381,-5.3711],[123.6418,-5.2866],[123.5899,-5.2487],[123.5263,-5.2518],[123.5293,-5.3158]]],[[[123.7499,-5.4981],[123.6897,-5.4703],[123.8185,-5.6017],[123.7499,-5.4981]]],[[[123.0245,-4.2187],[123.1358,-4.2558],[123.2477,-4.1243],[123.2538,-4.065],[123.1894,-4.0111],[123.0957,-4.0238],[123.0125,-3.9782],[122.9771,-4.0607],[122.937,-4.0697],[122.9574,-4.1421],[122.9975,-4.1633],[122.9899,-4.2001],[123.0245,-4.2187]]],[[[121.4278,-4.1153],[121.4258,-4.0849],[121.3829,-4.1052],[121.3918,-4.167],[121.4419,-4.1687],[121.4291,-4.1303],[121.4706,-4.1108],[121.4278,-4.1153]]],[[[123.1199,-3.6355],[123.125,-3.6103],[123.1812,-3.6138],[123.1582,-3.5581],[123.0426,-3.5923],[123.1199,-3.6355]]],[[[122.3439,-3.5684],[122.3457,-3.5429],[122.2962,-3.5354],[122.282,-3.5907],[122.3439,-3.5684]]],[[[123.047,-4.8154],[123.0322,-4.8329],[123.0756,-4.8475],[123.1176,-4.8266],[123.0919,-4.7957],[123.047,-4.8154]]],[[[122.3439,-4.6896],[122.3249,-4.7255],[122.3809,-4.6677],[122.3439,-4.6896]]],[[[122.7265,-4.5417],[122.7206,-4.5177],[122.7033,-4.5422],[122.743,-4.5756],[122.7265,-4.5417]]],[[[121.7913,-2.7115],[121.738,-2.737],[121.6382,-2.8892],[121.4791,-2.9978],[121.3576,-3.019],[121.2949,-3.0794],[121.1383,-2.9161],[121.0926,-2.7703],[120.9885,-2.8329],[120.9969,-2.87],[120.9971,-2.8359],[121.0772,-2.867],[121.0606,-2.9839],[121.0903,-2.9991],[121.0435,-3.0449],[121.0694,-3.2052],[120.9713,-3.2643],[120.9576,-3.3298],[120.8657,-3.4413],[120.8805,-3.529],[120.9447,-3.62],[121.0834,-3.7144],[121.1709,-3.8262],[121.2444,-3.8277],[121.2427,-3.9129],[121.2883,-3.8827],[121.3495,-3.9912],[121.5374,-4.0191],[121.6094,-4.0671],[121.6175,-4.1518],[121.5797,-4.2447],[121.5464,-4.2676],[121.5608,-4.2442],[121.5268,-4.2442],[121.4666,-4.6834],[121.5508,-4.7729],[121.6392,-4.7781],[121.6843,-4.8491],[121.8174,-4.8351],[121.9838,-4.9015],[122.1201,-4.8189],[122.0377,-4.7564],[122.0194,-4.6486],[122.1034,-4.5311],[122.4208,-4.4332],[122.5046,-4.4558],[122.577,-4.3964],[122.6632,-4.4533],[122.6728,-4.5113],[122.6999,-4.5026],[122.6913,-4.4722],[122.7475,-4.5095],[122.7619,-4.4354],[122.6604,-4.3381],[122.7144,-4.348],[122.8358,-4.4489],[122.9007,-4.3802],[122.9071,-4.3231],[122.8795,-4.2951],[122.9067,-4.2314],[122.8892,-4.1298],[122.8348,-4.056],[122.7623,-4.0658],[122.8353,-4.121],[122.858,-4.1924],[122.8168,-4.1362],[122.6591,-4.1513],[122.6536,-4.0057],[122.5894,-3.9783],[122.5144,-3.9955],[122.5371,-3.9667],[122.5993,-3.979],[122.6663,-3.8978],[122.5243,-3.8952],[122.4436,-3.7512],[122.3931,-3.7261],[122.3592,-3.7511],[122.2054,-3.6216],[122.2009,-3.5646],[122.2663,-3.5598],[122.2656,-3.5301],[122.2788,-3.5532],[122.2852,-3.4904],[122.2619,-3.4828],[122.3007,-3.4666],[122.2389,-3.3895],[122.329,-3.3737],[122.3164,-3.4262],[122.3466,-3.4078],[122.3577,-3.4623],[122.3835,-3.4568],[122.3757,-3.3835],[122.2938,-3.357],[122.3128,-3.2191],[122.2725,-3.1348],[122.1904,-3.0943],[122.1896,-3.0297],[122.1201,-3.0125],[122.1054,-2.9651],[121.9495,-2.9431],[121.8934,-2.7931],[121.8187,-2.764],[121.7913,-2.7115]]],[[[122.5074,-5.6249],[122.4568,-5.693],[122.5495,-5.6792],[122.5442,-5.6283],[122.5074,-5.6249]]],[[[122.0392,-5.4978],[121.9929,-5.5235],[122.0631,-5.4909],[122.0392,-5.4978]]],[[[121.7948,-5.275],[121.8745,-5.3863],[121.9228,-5.4028],[121.9487,-5.4938],[122.0494,-5.4607],[122.0499,-5.2666],[122.0174,-5.241],[122.0743,-5.2328],[122.0705,-5.2019],[122.0346,-5.1485],[121.9857,-5.1641],[121.9681,-5.0631],[121.9337,-5.0834],[121.9403,-5.1164],[121.893,-5.0915],[121.8941,-5.0562],[121.8565,-5.0832],[121.8767,-5.11],[121.8405,-5.1167],[121.8835,-5.1528],[121.8234,-5.1689],[121.8394,-5.1909],[121.7948,-5.275]]],[[[122.524,-5.5005],[122.4714,-5.5307],[122.4876,-5.562],[122.524,-5.5005]]],[[[123.047,-5.1462],[123.003,-5.1495],[122.9522,-5.2182],[122.9203,-5.1823],[122.9738,-5.1155],[122.9517,-5.02],[123.0068,-4.9125],[122.9939,-4.8265],[123.0255,-4.789],[122.9868,-4.7431],[123.0218,-4.6936],[123.0676,-4.6873],[123.0468,-4.7442],[123.0819,-4.7381],[123.0965,-4.7944],[123.1019,-4.6519],[123.1717,-4.7372],[123.176,-4.8407],[123.2138,-4.8511],[123.2042,-4.6624],[123.2009,-4.6939],[123.1675,-4.6668],[123.1906,-4.5794],[123.1386,-4.4822],[123.0443,-4.4221],[123.0757,-4.3666],[122.9496,-4.4257],[122.8669,-4.5258],[122.8272,-4.6769],[122.8598,-4.7818],[122.82,-4.8414],[122.8354,-4.921],[122.7384,-5.0522],[122.8079,-5.0089],[122.7574,-5.1084],[122.7891,-5.0796],[122.7941,-5.1041],[122.7372,-5.1757],[122.7546,-5.2288],[122.788,-5.1835],[122.8222,-5.2139],[122.7712,-5.254],[122.7317,-5.2427],[122.6868,-5.3204],[122.655,-5.3242],[122.6186,-5.4061],[122.6466,-5.4432],[122.5557,-5.5035],[122.6366,-5.6951],[122.7131,-5.6193],[122.7127,-5.6818],[122.7521,-5.6392],[122.7537,-5.6945],[122.802,-5.6967],[122.8931,-5.5671],[122.897,-5.5174],[122.8436,-5.5223],[122.8721,-5.4547],[122.9762,-5.3941],[123.0153,-5.4442],[123.1311,-5.3975],[123.217,-5.3034],[123.2188,-5.2719],[123.1722,-5.2938],[123.1969,-5.2601],[123.147,-5.2585],[123.0855,-5.1745],[123.0582,-5.1917],[123.047,-5.1462]]],[[[122.3439,-4.794],[122.3249,-4.8555],[122.387,-4.9931],[122.4194,-4.994],[122.3798,-5.0045],[122.3908,-5.0891],[122.328,-5.1037],[122.3072,-5.1495],[122.3145,-5.2419],[122.2687,-5.313],[122.2682,-5.3826],[122.364,-5.3896],[122.3766,-5.3253],[122.4344,-5.3126],[122.3824,-5.3324],[122.3967,-5.3825],[122.4646,-5.4029],[122.4983,-5.3457],[122.4778,-5.3005],[122.5432,-5.2589],[122.5202,-5.4373],[122.566,-5.4113],[122.5941,-5.4347],[122.5948,-5.3641],[122.6395,-5.3568],[122.646,-5.2974],[122.6249,-5.2512],[122.5778,-5.251],[122.6267,-5.2035],[122.5897,-5.1976],[122.5886,-5.1597],[122.7202,-4.9651],[122.7635,-4.9651],[122.7667,-4.8945],[122.7253,-4.8473],[122.7275,-4.6755],[122.6903,-4.6717],[122.7198,-4.634],[122.6926,-4.6187],[122.6229,-4.6672],[122.5983,-4.6414],[122.4895,-4.762],[122.3744,-4.7434],[122.3738,-4.7913],[122.3439,-4.794]]]]}},{"type":"Feature","properties":{"codes":["34"]},"geometry":{"type":"Polygon","coordinates":[[[110.0035,-7.8884],[110.3446,-8.0326],[110.4342,-8.099],[110.709,-8.2009],[110.8348,-8.2031],[110.83,-8.1362],[110.7859,-8.151],[110.7556,-8.0247],[110.7857,-7.817],[110.6706,-7.7859],[110.5859,-7.8083],[110.4918,-7.7669],[110.4462,-7.5413],[110.2727,-7.7068],[110.2607,-7.644],[110.1414,-7.6449],[110.1173,-7.6709],[110.1297,-7.7484],[110.0626,-7.8131],[110.0435,-7.8839],[110.0035,-7.8884]]]}},{"type":"Feature","properties":{"codes":["32"]},"geometry":{"type":"Polygon","coordinates":[[[106.3956,-6.9802],[106.4427,-6.9529],[106.5131,-6.9664],[106.5432,-6.9872],[106.5451,-7.0554],[106.4577,-7.129],[106.4628,-7.1812],[106.4011,-7.1865],[106.3741,-7.2367],[106.4056,-7.3821],[106.4387,-7.3605],[106.5604,-7.4166],[107.3998,-7.4924],[107.6067,-7.5724],[107.6905,-7.668],[107.8046,-7.6864],[107.8481,-7.7369],[108.3005,-7.8143],[108.4754,-7.8067],[108.5043,-7.7849],[108.5031,-7.7107],[108.5392,-7.6909],[108.6404,-7.6879],[108.6712,-7.7304],[108.6745,-7.684],[108.7836,-7.7058],[108.8053,-7.672],[108.8097,-7.6028],[108.7385,-7.4117],[108.6148,-7.3752],[108.6411,-7.2704],[108.6209,-7.2121],[108.6817,-7.1796],[108.7532,-7.1937],[108.834,-7.1474],[108.8552,-7.0484],[108.8174,-7.0256],[108.8109,-6.9572],[108.8823,-6.8694],[108.8848,-6.8094],[108.8338,-6.7485],[108.75,-6.8143],[108.6835,-6.7991],[108.653,-6.7468],[108.6018,-6.7631],[108.5621,-6.6914],[108.538,-6.4833],[108.3847,-6.3569],[108.358,-6.2478],[108.336,-6.2738],[108.1746,-6.2235],[108.2106,-6.2667],[108.127,-6.3351],[107.9032,-6.2436],[107.8879,-6.1817],[107.6644,-6.2514],[107.621,-6.189],[107.4668,-6.1487],[107.3405,-5.9696],[107.1586,-5.9869],[107.0978,-5.9369],[107.0048,-5.9217],[107.0157,-5.9805],[106.9881,-6.0072],[107.015,-6.032],[106.9831,-6.0526],[107.014,-6.0761],[106.9707,-6.0882],[106.9705,-6.1994],[106.944,-6.2524],[106.9043,-6.262],[106.9145,-6.3653],[106.8397,-6.3351],[106.7948,-6.3649],[106.8092,-6.3148],[106.7787,-6.3172],[106.7698,-6.3614],[106.5939,-6.3628],[106.5156,-6.3244],[106.5297,-6.3469],[106.4901,-6.3549],[106.4693,-6.3036],[106.4256,-6.3495],[106.4547,-6.4269],[106.4011,-6.4528],[106.4294,-6.6821],[106.4666,-6.7509],[106.5263,-6.7679],[106.436,-6.8198],[106.3929,-6.9006],[106.3956,-6.9802]]]}},{"type":"Feature","properties":{"codes":["61"]},"geometry":{"type":"MultiPolygon","coordinates":[[[[110.1919,-2.9097],[110.2014,-2.8821],[110.162,-2.8543],[110.134,-2.8985],[110.1919,-2.9097]]],[[[110.1119,-2.6728],[110.045,-2.7479],[110.1281,-2.7424],[110.1119,-2.6728]]],[[[109.6874,-1.217],[109.7796,-1.1471],[109.7617,-1.0043],[109.7183,-0.989],[109.675,-1.0205],[109.6372,-0.9864],[109.5449,-1.002],[109.4884,-0.9734],[109.4586,-1.0034],[109.4266,-1.2046],[109.3827,-1.2602],[109.5013,-1.3099],[109.6874,-1.217]]],[[[109.3568,-0.6697],[109.4057,-0.6749],[109.3722,-0.6503],[109.3568,-0.6697]]],[[[113.8404,0.6682],[113.9262,0.8376],[113.8746,0.8928],[113.9183,0.9867],[113.8942,1.0518],[113.9415,1.0628],[113.9861,1.1442],[114.1095,1.1501],[114.1397,1.1989],[114.1477,1.3786],[114.2069,1.4097],[114.1431,1.4648],[113.9542,1.4424],[113.8148,1.3638],[113.81,1.2989],[113.63,1.216],[113.5819,1.3063],[113.5445,1.3198],[113.4191,1.2855],[113.3258,1.3769],[113.1815,1.3795],[113.1063,1.445],[112.9747,1.4087],[113.0708,1.5295],[113.003,1.581],[112.8848,1.5876],[112.8423,1.537],[112.5004,1.5801],[112.4305,1.5228],[112.208,1.4501],[112.195,1.4109],[112.2261,1.384],[112.1584,1.2495],[112.1539,1.1418],[111.9351,1.1184],[111.826,0.9854],[111.6667,1.0428],[111.54,0.9488],[111.4892,1.0344],[111.405,1.0094],[111.2249,1.0927],[111.142,1.0524],[110.9055,1.0284],[110.8599,0.9504],[110.8088,0.9495],[110.8048,0.9005],[110.7689,0.932],[110.7553,0.9],[110.6677,0.876],[110.6332,0.9089],[110.6282,0.8721],[110.5758,0.8538],[110.446,0.908],[110.3954,0.9965],[110.2773,0.996],[110.2865,1.0442],[110.2414,1.1174],[110.2092,1.1184],[110.1922,1.183],[110.0637,1.2086],[110.0649,1.2645],[109.9792,1.2986],[109.962,1.4034],[109.8361,1.4223],[109.8393,1.4861],[109.8068,1.4658],[109.6622,1.6188],[109.6855,1.7821],[109.5854,1.7924],[109.538,1.9245],[109.5603,1.9712],[109.6271,1.9909],[109.645,2.0814],[109.5873,1.9909],[109.3376,1.9429],[109.3376,1.8324],[109.2874,1.7762],[109.2604,1.6728],[109.049,1.5045],[109.0435,1.3468],[108.9603,1.2051],[109.141,1.2404],[108.9047,1.1629],[108.9795,0.9892],[108.9386,0.885],[108.8407,0.8154],[108.9258,0.6337],[108.9083,0.4801],[108.9471,0.3874],[108.9146,0.3355],[109.0923,0.2454],[109.1887,0.0663],[109.162,-0.0591],[109.0555,-0.2223],[109.1029,-0.3446],[109.115,-0.5166],[109.1473,-0.571],[109.2021,-0.552],[109.2521,-0.6043],[109.376,-0.5844],[109.3602,-0.6527],[109.4587,-0.7303],[109.5386,-0.7317],[109.4694,-0.7544],[109.2479,-0.6617],[109.2565,-0.8486],[109.3068,-0.9063],[109.3973,-0.933],[109.4033,-0.8963],[109.4325,-0.8963],[109.4064,-0.8699],[109.4478,-0.8488],[109.553,-0.8846],[109.5897,-0.9027],[109.6127,-0.9725],[109.6821,-1.0134],[109.7339,-0.967],[109.8191,-1.0908],[109.9447,-1.1263],[109.9085,-1.2099],[110.0617,-1.3465],[110.0323,-1.6674],[109.9724,-1.752],[109.9099,-1.7702],[109.9013,-1.8282],[110.0646,-1.9292],[110.1183,-2.0323],[110.0925,-2.2229],[110.0632,-2.2454],[110.0944,-2.2438],[110.1378,-2.3026],[110.1491,-2.4282],[110.1999,-2.5191],[110.1489,-2.6215],[110.211,-2.6445],[110.2198,-2.7382],[110.2594,-2.7622],[110.2245,-2.8864],[110.2609,-2.9635],[110.3056,-2.9964],[110.3753,-2.9257],[110.5716,-2.8383],[110.6163,-2.8765],[110.6391,-2.9904],[110.6108,-2.9922],[110.6576,-3.0415],[110.7269,-3.0036],[110.7739,-2.926],[110.9691,-2.8562],[111.0117,-2.7946],[111.1364,-2.7507],[111.1706,-2.7063],[111.1193,-2.6531],[111.137,-2.6118],[111.1039,-2.4247],[111.0325,-2.2441],[111.0796,-2.1586],[111.0378,-2.074],[111.0815,-2.0493],[111.0852,-1.9947],[111.0042,-1.9909],[110.9746,-1.9552],[111.0055,-1.6991],[110.9773,-1.6678],[110.9141,-1.7183],[110.8602,-1.6764],[110.8583,-1.6306],[110.984,-1.5377],[111.0139,-1.5631],[111.0588,-1.5363],[111.0777,-1.563],[111.1189,-1.5528],[111.1067,-1.4927],[111.1472,-1.473],[111.1918,-1.5143],[111.1851,-1.4322],[111.2201,-1.4087],[111.2787,-1.4253],[111.4089,-1.2405],[111.5734,-1.1998],[111.5537,-1.1106],[111.622,-1.0482],[111.6246,-0.9846],[111.7303,-0.9243],[111.8539,-0.9047],[111.8725,-0.864],[111.919,-0.8714],[111.9101,-0.7732],[111.9541,-0.8187],[112.0289,-0.7959],[112.0228,-0.7033],[112.1578,-0.7288],[112.1472,-0.6802],[112.1966,-0.6159],[112.2435,-0.6352],[112.3022,-0.7329],[112.4331,-0.6726],[112.4751,-0.7316],[112.4877,-0.6926],[112.6838,-0.6528],[112.7432,-0.6202],[112.7533,-0.5686],[112.8453,-0.572],[112.9918,-0.4876],[113.0624,-0.4997],[113.1429,-0.4462],[113.218,-0.5032],[113.2666,-0.4232],[113.208,-0.3381],[113.2841,-0.2424],[113.4091,-0.1619],[113.3969,-0.1249],[113.4405,-0.0637],[113.4171,-0.0451],[113.4193,0.1254],[113.271,0.2415],[113.3434,0.2793],[113.4609,0.2807],[113.6583,0.4432],[113.6721,0.5045],[113.7713,0.5659],[113.8404,0.6682]]],[[[108.8638,0.4839],[108.8576,0.5179],[108.8387,0.4989],[108.8638,0.4839]]]]}},{"type":"Feature","properties":{"codes":["52"]},"geometry":{"type":"MultiPolygon","coordinates":[[[[117.9983,-8.6874],[118.0032,-8.6286],[117.951,-8.6132],[117.9794,-8.639],[117.9558,-8.6681],[117.9906,-8.648],[117.978,-8.6913],[117.9983,-8.6874]]],[[[117.7354,-8.5585],[117.8004,-8.5522],[117.7478,-8.5385],[117.7252,-8.473],[117.7019,-8.4952],[117.7354,-8.5585]]],[[[119.2632,-8.4374],[119.2792,-8.4681],[119.3349,-8.4281],[119.2761,-8.3928],[119.2632,-8.4374]]],[[[116.0157,-8.7497],[115.9659,-8.7297],[115.9138,-8.7748],[115.852,-8.7204],[115.8212,-8.7523],[115.8312,-8.8151],[115.9333,-8.8332],[116.0087,-8.9039],[116.013,-8.8628],[116.0669,-8.8511],[116.0494,-8.8857],[116.1546,-8.8637],[116.173,-8.9139],[116.2787,-8.8933],[116.3466,-8.9306],[116.3252,-8.8949],[116.3728,-8.901],[116.3766,-8.9559],[116.4049,-8.8996],[116.387,-8.8599],[116.4267,-8.8245],[116.4759,-8.8264],[116.4356,-8.9197],[116.4959,-8.9118],[116.5113,-8.8685],[116.5098,-8.9151],[116.5708,-8.8919],[116.5923,-8.8588],[116.5429,-8.8691],[116.5227,-8.8255],[116.5036,-8.8588],[116.481,-8.8076],[116.6666,-8.5591],[116.6606,-8.4903],[116.7113,-8.4427],[116.7181,-8.3479],[116.6516,-8.2888],[116.4599,-8.227],[116.3506,-8.2111],[116.2686,-8.2454],[116.0419,-8.4216],[116.0335,-8.4848],[116.0722,-8.5644],[116.057,-8.7283],[116.0665,-8.6994],[116.0631,-8.731],[116.0852,-8.7253],[116.063,-8.7739],[116.0457,-8.7237],[116.0157,-8.7497]]],[[[117.0574,-8.4374],[117.0079,-8.4604],[116.9994,-8.5066],[116.9939,-8.4751],[116.9165,-8.5264],[116.8401,-8.539],[116.8192,-8.5165],[116.8335,-8.5572],[116.7463,-8.6626],[116.8217,-8.8196],[116.7866,-8.8139],[116.7324,-8.8691],[116.7525,-8.8933],[116.7251,-8.91],[116.7518,-8.924],[116.7153,-8.9694],[116.7878,-9.0356],[116.9522,-9.052],[117.0137,-9.109],[117.1327,-9.0848],[117.1844,-9.021],[117.4109,-9.0492],[117.6905,-8.9186],[117.7649,-8.934],[117.8169,-8.8987],[117.8836,-8.9437],[118.0125,-8.8528],[118.0804,-8.84],[118.1261,-8.8781],[118.2081,-8.8347],[118.3535,-8.6846],[118.4038,-8.6759],[118.3704,-8.6344],[118.3904,-8.6069],[118.4328,-8.6769],[118.3719,-8.7804],[118.3795,-8.8274],[118.4675,-8.8894],[118.7203,-8.7932],[118.8362,-8.8456],[118.9222,-8.8431],[118.9597,-8.8177],[118.9093,-8.7653],[118.7256,-8.7836],[118.6791,-8.7425],[118.7616,-8.6918],[118.8461,-8.7302],[118.9069,-8.68],[118.9715,-8.7489],[119.0986,-8.7516],[119.1047,-8.7259],[119.1325,-8.7527],[119.176,-8.701],[119.1505,-8.636],[119.1925,-8.61],[119.1658,-8.5561],[119.1526,-8.5925],[119.109,-8.5971],[119.131,-8.6292],[119.0357,-8.6417],[119.0134,-8.5379],[119.0543,-8.5103],[119.0529,-8.4539],[118.9921,-8.3765],[118.9863,-8.3038],[118.8209,-8.2808],[118.7658,-8.3094],[118.7017,-8.388],[118.7133,-8.4977],[118.6495,-8.5509],[118.6981,-8.3968],[118.6474,-8.2906],[118.4636,-8.2457],[118.3562,-8.3522],[118.2793,-8.3644],[118.1626,-8.2414],[118.1435,-8.1345],[117.9238,-8.08],[117.7243,-8.15],[117.6926,-8.2395],[117.8177,-8.3681],[117.9798,-8.4643],[118.0811,-8.4503],[118.1938,-8.5705],[118.2317,-8.5518],[118.279,-8.5933],[118.2694,-8.6582],[118.0881,-8.6512],[117.9421,-8.7513],[117.9386,-8.7216],[117.8882,-8.7246],[117.8932,-8.6999],[117.7746,-8.7135],[117.7491,-8.6448],[117.7813,-8.6322],[117.7511,-8.631],[117.7372,-8.5635],[117.6438,-8.5566],[117.6358,-8.5813],[117.6345,-8.4642],[117.5822,-8.4282],[117.5929,-8.5044],[117.5712,-8.5045],[117.5619,-8.4056],[117.4278,-8.3956],[117.3876,-8.4727],[117.1541,-8.3641],[117.1053,-8.3728],[117.0574,-8.4374]]],[[[117.6753,-8.4997],[117.6513,-8.4479],[117.6503,-8.533],[117.6753,-8.4997]]],[[[119.021,-8.1504],[119.0037,-8.2357],[119.0835,-8.2544],[119.1184,-8.2157],[119.1127,-8.1566],[119.0555,-8.1267],[119.021,-8.1504]]],[[[116.7186,-8.3311],[116.7432,-8.3451],[116.7125,-8.311],[116.7186,-8.3311]]],[[[117.5237,-8.3878],[117.6102,-8.2381],[117.6903,-8.1808],[117.667,-8.1517],[117.5592,-8.144],[117.4822,-8.1862],[117.4788,-8.2568],[117.5084,-8.2732],[117.4701,-8.3558],[117.5237,-8.3878]]]]}},{"type":"Feature","properties":{"codes":["91","92"]},"geometry":{"type":"MultiPolygon","coordinates":[[[[133.9494,-2.3343],[133.8539,-2.3601],[133.9859,-2.3849],[133.9494,-2.3343]]],[[[133.867,-2.2903],[133.9168,-2.3021],[133.9274,-2.2786],[133.867,-2.2903]]],[[[133.7542,-2.2418],[133.7566,-2.2147],[133.6764,-2.2623],[133.7542,-2.2418]]],[[[130.4298,-2.2071],[130.4097,-2.2133],[130.455,-2.2141],[130.4298,-2.2071]]],[[[133.6878,-2.2398],[133.7645,-2.1783],[133.7192,-2.1769],[133.6727,-2.2253],[133.6878,-2.2398]]],[[[134.3443,-2.1675],[134.4106,-2.0735],[134.3931,-1.9949],[134.3158,-2.0773],[134.3443,-2.1675]]],[[[133.8641,-2.1737],[133.8529,-2.1991],[133.8907,-2.1881],[133.8641,-2.1737]]],[[[133.7793,-2.1966],[133.8448,-2.1886],[133.86,-2.153],[133.8212,-2.15],[133.7793,-2.1966]]],[[[133.5936,-4.2756],[133.6395,-4.3085],[133.5547,-4.2188],[133.3183,-4.0983],[133.3315,-4.182],[133.4206,-4.2064],[133.4593,-4.2512],[133.5377,-4.2334],[133.5936,-4.2756]]],[[[134.1542,-4.0041],[134.2098,-4.0254],[134.1116,-3.925],[134.0551,-3.9182],[134.0845,-3.9819],[134.1542,-4.0041]]],[[[134.3644,-4.0329],[134.4439,-4.0177],[134.3778,-3.9754],[134.3644,-4.0329]]],[[[133.9995,-3.8529],[134.0452,-3.8248],[133.9993,-3.8175],[133.9995,-3.8529]]],[[[132.6276,-3.4145],[132.7179,-3.5067],[132.6827,-3.421],[132.6276,-3.4145]]],[[[132.1876,-2.9781],[132.3213,-2.9926],[132.1698,-2.9676],[132.1876,-2.9781]]],[[[131.6275,-2.6459],[131.6695,-2.6216],[131.5868,-2.6566],[131.6275,-2.6459]]],[[[133.7631,-2.5124],[133.7999,-2.6325],[133.8026,-2.5443],[133.7631,-2.5124]]],[[[133.6429,-2.5015],[133.675,-2.5326],[133.6672,-2.4931],[133.6429,-2.5015]]],[[[133.5935,-2.5198],[133.6172,-2.4938],[133.5977,-2.4565],[133.4878,-2.4152],[133.5185,-2.4825],[133.5935,-2.5198]]],[[[132.4617,-2.6677],[132.5101,-2.6392],[132.4653,-2.6243],[132.4617,-2.6677]]],[[[134.5335,-2.4284],[134.5656,-2.4416],[134.5625,-2.4027],[134.5908,-2.3967],[134.5714,-2.2823],[134.5599,-2.3685],[134.503,-2.3624],[134.5134,-2.4025],[134.5629,-2.4164],[134.5335,-2.4284]]],[[[129.641,-1.8236],[129.661,-1.8377],[129.6573,-1.8043],[129.641,-1.8236]]],[[[130.4298,-2.0766],[130.4763,-2.0654],[130.4003,-2.0811],[130.4298,-2.0766]]],[[[132.0632,-1.9817],[132.067,-2.0263],[132.0972,-1.957],[132.0632,-1.9817]]],[[[134.2038,-1.7379],[134.1329,-1.8827],[134.1665,-1.9539],[134.2153,-1.823],[134.1971,-1.8011],[134.2395,-1.7508],[134.2038,-1.7379]]],[[[131.9506,-1.8475],[131.9269,-1.8756],[131.9722,-1.9231],[131.9833,-1.8747],[131.9506,-1.8475]]],[[[131.7418,-1.4576],[131.7144,-1.4292],[131.587,-1.4868],[131.6618,-1.5465],[131.7312,-1.5136],[131.7418,-1.4576]]],[[[130.0782,-1.7282],[129.7201,-1.8805],[129.8726,-1.9801],[130.0963,-2.0248],[130.1336,-2.0586],[130.2671,-2.0535],[130.2677,-2.0164],[130.3443,-1.9563],[130.3255,-1.9864],[130.4054,-1.9987],[130.3715,-2.0369],[130.4778,-2.0089],[130.3858,-1.9828],[130.4403,-1.9826],[130.4451,-1.9543],[130.4272,-1.9762],[130.4338,-1.9537],[130.3463,-1.925],[130.4542,-1.8326],[130.3491,-1.7311],[130.3747,-1.6798],[130.253,-1.7045],[130.2566,-1.7298],[130.0782,-1.7282]]],[[[130.236,-0.2974],[130.2236,-0.2782],[130.1998,-0.3015],[130.2306,-0.321],[130.236,-0.2974]]],[[[130.4955,-0.2999],[130.4976,-0.332],[130.5251,-0.3216],[130.4955,-0.2999]]],[[[130.2288,-0.1831],[130.2501,-0.1791],[130.2073,-0.1835],[130.2288,-0.1831]]],[[[129.8977,0.2741],[129.9241,0.281],[129.9113,0.3155],[129.8532,0.3241],[129.8977,0.2741]]],[[[130.0456,-0.07],[130.0138,-0.0703],[130.0672,-0.0648],[130.0456,-0.07]]],[[[130.0892,-0.0001],[130.0975,-0.0648],[130.1396,-0.0953],[130.166,-0.0666],[130.1104,0.0038],[130.1415,0.0153],[130.0892,-0.0001]]],[[[129.9108,-1.2025],[129.932,-1.1825],[129.9326,-1.2156],[129.9785,-1.1706],[129.8645,-1.1451],[129.7309,-1.1975],[129.7441,-1.2204],[129.8886,-1.1955],[129.8335,-1.2505],[129.9108,-1.2025]]],[[[134.669,-2.8021],[134.6322,-2.4745],[134.6099,-2.4903],[134.5318,-2.4502],[134.5512,-2.4727],[134.5126,-2.4742],[134.5692,-2.4848],[134.5133,-2.4848],[134.4614,-2.5498],[134.5242,-2.7918],[134.5143,-2.8334],[134.459,-2.8628],[134.3761,-2.6435],[134.3196,-2.5838],[134.34,-2.5521],[134.2882,-2.5195],[134.3205,-2.5083],[134.1761,-2.3552],[134.105,-2.098],[134.156,-1.9659],[134.1044,-1.8639],[134.0959,-1.6851],[134.07,-1.6551],[134.2003,-1.5508],[134.2136,-1.4071],[134.279,-1.3416],[134.1952,-1.2077],[134.1017,-1.1261],[134.0112,-0.9596],[134.0498,-0.8698],[134.1358,-0.8623],[133.9728,-0.7199],[133.8725,-0.7146],[133.8126,-0.7477],[133.7348,-0.7199],[133.7179,-0.752],[133.5713,-0.7199],[133.5357,-0.7474],[133.3958,-0.7412],[133.1502,-0.5453],[132.9751,-0.4949],[132.9541,-0.4537],[132.8995,-0.4623],[132.7162,-0.362],[132.4216,-0.3433],[132.1738,-0.4235],[132.0941,-0.4803],[132.0706,-0.5401],[131.9744,-0.5808],[131.8474,-0.7062],[131.5133,-0.7717],[131.5444,-0.7411],[131.5091,-0.7299],[131.224,-0.8214],[131.2419,-0.8763],[131.2985,-0.9155],[131.2679,-0.9219],[131.2844,-0.9894],[131.241,-1.0284],[131.2286,-1.1247],[131.176,-1.2218],[131.0232,-1.286],[130.9999,-1.3811],[130.9316,-1.4273],[130.9959,-1.4589],[131.1053,-1.454],[131.2081,-1.5242],[131.2608,-1.5239],[131.3388,-1.4635],[131.278,-1.3907],[131.3635,-1.401],[131.3564,-1.3635],[131.3824,-1.4024],[131.3969,-1.3875],[131.4057,-1.4333],[131.3796,-1.4526],[131.4462,-1.5105],[131.5176,-1.4758],[131.5321,-1.4058],[131.5458,-1.4903],[131.6411,-1.4485],[131.6309,-1.4163],[131.6696,-1.4647],[131.6519,-1.4041],[131.7353,-1.3657],[131.6539,-1.4055],[131.7448,-1.4519],[131.6979,-1.5627],[131.7741,-1.5702],[131.7936,-1.5017],[131.7923,-1.6131],[131.9736,-1.551],[131.8822,-1.6358],[131.8967,-1.6725],[131.9241,-1.6643],[131.8999,-1.6793],[131.9145,-1.7219],[132.0427,-1.67],[132.0053,-1.6859],[132.0426,-1.7308],[132.0261,-1.7161],[131.921,-1.8146],[131.9846,-1.8736],[131.9667,-1.9624],[132.0621,-2.0191],[132.0861,-1.869],[132.1123,-1.8731],[132.0869,-1.8712],[132.0744,-1.9483],[132.1024,-1.9713],[132.0738,-2.0129],[132.1157,-1.993],[132.0395,-2.0746],[132.1926,-2.1563],[132.3186,-2.2843],[132.5795,-2.1898],[132.6406,-2.2843],[132.7107,-2.2986],[132.8295,-2.2425],[132.9587,-2.2931],[133.0246,-2.2427],[133.1941,-2.1947],[133.4924,-2.2311],[133.4837,-2.1889],[133.5168,-2.2366],[133.5673,-2.206],[133.6222,-2.2327],[133.8298,-2.1165],[133.8996,-2.1337],[133.8733,-2.1535],[133.9051,-2.1756],[133.8881,-2.1951],[133.7657,-2.2415],[133.8258,-2.2939],[133.946,-2.2589],[133.9206,-2.31],[133.8145,-2.3247],[133.9561,-2.3142],[133.9596,-2.3492],[133.9962,-2.353],[133.9897,-2.3885],[133.9497,-2.4211],[133.9406,-2.3953],[133.8512,-2.3892],[133.8598,-2.4407],[133.8282,-2.4105],[133.7271,-2.4377],[133.7684,-2.4815],[133.8155,-2.4656],[133.7854,-2.4864],[133.8015,-2.6467],[133.8521,-2.6738],[133.7964,-2.649],[133.7226,-2.4996],[133.692,-2.5063],[133.6917,-2.6113],[133.7494,-2.619],[133.6856,-2.6165],[133.665,-2.6715],[133.6643,-2.5514],[133.5355,-2.5476],[133.5297,-2.6052],[133.4747,-2.5028],[133.4682,-2.6361],[133.4234,-2.4831],[133.3956,-2.6899],[133.3017,-2.6704],[133.255,-2.7124],[133.3076,-2.6616],[133.3809,-2.6604],[133.3791,-2.5221],[133.3235,-2.4684],[133.3159,-2.5091],[133.3011,-2.44],[133.2178,-2.4122],[133.0742,-2.4684],[132.9076,-2.6686],[132.7394,-2.8031],[132.5863,-2.6934],[132.4808,-2.6832],[132.4633,-2.7511],[132.4205,-2.7252],[132.4583,-2.7097],[132.4221,-2.6986],[132.4332,-2.676],[132.2141,-2.6534],[132.1131,-2.688],[132.2005,-2.7053],[132.0911,-2.711],[132.1075,-2.7402],[132.0773,-2.7247],[131.9507,-2.7716],[132.065,-2.7894],[131.979,-2.831],[132.0405,-2.8398],[132.0297,-2.8766],[131.9791,-2.8772],[131.9834,-2.9263],[132.0143,-2.8856],[132.0479,-2.9227],[132.0575,-2.8867],[132.087,-2.9603],[132.122,-2.9415],[132.1002,-2.9295],[132.1546,-2.9415],[132.207,-2.9061],[132.3235,-2.9554],[132.3516,-2.9391],[132.3505,-2.9656],[132.5621,-3.1109],[132.5575,-3.1527],[132.6455,-3.1931],[132.5958,-3.2309],[132.6642,-3.3172],[132.7282,-3.3372],[132.7537,-3.2727],[132.8191,-3.2979],[132.8156,-3.4426],[132.8517,-3.4772],[132.8958,-3.4629],[132.9073,-3.5487],[132.9367,-3.5512],[132.8966,-3.6392],[132.7332,-3.6293],[132.7322,-3.6848],[132.8457,-3.9589],[132.8201,-3.9246],[132.8081,-3.9431],[132.9591,-4.1058],[133.0203,-4.1191],[133.0707,-4.0551],[133.2524,-4.0731],[133.4044,-3.9006],[133.3447,-3.9046],[133.4593,-3.8573],[133.3964,-3.7506],[133.4019,-3.6601],[133.4081,-3.6906],[133.4376,-3.681],[133.5839,-3.5721],[133.5982,-3.5279],[133.5502,-3.4309],[133.6324,-3.417],[133.6631,-3.3661],[133.648,-3.1227],[133.7301,-3.0311],[133.795,-3.0283],[133.8149,-2.9061],[133.8561,-2.9409],[133.8779,-3.0544],[133.8341,-3.0198],[133.8278,-3.0897],[133.7721,-3.1146],[133.7761,-3.1876],[133.7,-3.1706],[133.6648,-3.2397],[133.7007,-3.4136],[133.6203,-3.4761],[133.7006,-3.5872],[133.6892,-3.6703],[133.755,-3.6471],[133.8157,-3.7294],[133.7752,-3.575],[133.7867,-3.5988],[133.832,-3.5581],[133.8405,-3.6328],[133.9334,-3.75],[133.9137,-3.7854],[133.96,-3.8633],[134.0417,-3.7837],[134.0597,-3.8219],[134.1179,-3.7923],[134.0989,-3.7671],[134.1368,-3.7409],[134.1919,-3.8322],[134.1107,-3.9065],[134.1688,-3.8949],[134.1636,-3.9267],[134.2493,-3.9757],[134.2912,-4.0478],[134.3339,-4.0195],[134.2697,-3.9387],[134.35,-3.9678],[134.361,-3.9163],[134.3332,-3.8789],[134.4398,-3.9242],[134.4731,-3.9748],[134.4468,-3.981],[134.5062,-4.0447],[134.678,-3.9199],[134.9652,-3.9507],[134.9484,-3.9831],[134.8746,-3.9949],[134.8609,-3.9516],[134.7615,-3.9343],[134.8071,-3.9781],[134.6815,-3.9375],[134.7113,-3.9605],[134.661,-3.9841],[134.6752,-4.0444],[134.7237,-4.0572],[134.6533,-4.0805],[134.6549,-4.0524],[134.6266,-4.1187],[134.7117,-4.137],[134.7297,-4.2031],[134.8601,-4.2516],[135.2526,-3.7422],[134.2105,-3.385],[134.2737,-3.2345],[134.4142,-3.1125],[134.4183,-3.0027],[134.669,-2.8021]]],[[[131.1777,-1.21],[131.1858,-1.1898],[131.1451,-1.2198],[131.1777,-1.21]]],[[[129.7275,-1.1878],[129.7461,-1.1544],[129.6727,-1.18],[129.7275,-1.1878]]],[[[130.7335,-0.799],[130.7488,-0.7664],[130.7174,-0.7749],[130.7335,-0.799]]],[[[130.5481,-0.8083],[130.5103,-0.8029],[130.5191,-0.8277],[130.5481,-0.8083]]],[[[131.1329,-1.0647],[131.1477,-0.9998],[131.0984,-1.0029],[131.0763,-1.0828],[131.1005,-1.0982],[131.1329,-1.0647]]],[[[130.7814,-0.9277],[130.6353,-0.9593],[130.7179,-1.0778],[130.681,-1.1087],[130.7376,-1.1643],[130.762,-1.2554],[130.8116,-1.2679],[130.8571,-1.3444],[130.9082,-1.3218],[130.9549,-1.3653],[131.0424,-1.246],[131.0351,-1.199],[131.0569,-1.2085],[131.0808,-0.9677],[131.0315,-0.9121],[130.9347,-0.9396],[130.9214,-0.889],[130.7814,-0.9277]]],[[[130.7811,-0.8081],[130.708,-0.8298],[130.672,-0.7981],[130.6904,-0.8205],[130.6646,-0.8267],[130.6359,-0.7908],[130.5865,-0.8333],[130.5668,-0.7939],[130.5399,-0.8407],[130.4855,-0.8296],[130.5056,-0.7972],[130.4844,-0.7895],[130.4336,-0.8618],[130.4514,-0.8938],[130.3884,-0.924],[130.8221,-0.8679],[130.8997,-0.8341],[130.8632,-0.805],[130.9273,-0.783],[130.8538,-0.7646],[130.8607,-0.8014],[130.8036,-0.7519],[130.8215,-0.8214],[130.7811,-0.8081]]],[[[130.6056,-0.5786],[130.5588,-0.6113],[130.6608,-0.5725],[130.6056,-0.5786]]],[[[130.2661,-0.5815],[130.2848,-0.6053],[130.2516,-0.5454],[130.2661,-0.5815]]],[[[129.86,-0.4142],[129.8451,-0.4451],[129.8753,-0.4978],[129.9249,-0.4139],[129.86,-0.4142]]],[[[130.6054,-0.4206],[130.5237,-0.4689],[130.4786,-0.4376],[130.4647,-0.4808],[130.5133,-0.4875],[130.4573,-0.5097],[130.5457,-0.5124],[130.5749,-0.4629],[130.6128,-0.4855],[130.5658,-0.5138],[130.5783,-0.5351],[130.6566,-0.5133],[130.696,-0.4414],[130.621,-0.396],[130.6054,-0.4206]]],[[[130.5475,-0.3517],[130.558,-0.4304],[130.5923,-0.3785],[130.5606,-0.3674],[130.5767,-0.321],[130.6804,-0.2925],[130.7032,-0.4107],[130.7505,-0.4429],[130.8808,-0.4199],[130.9442,-0.3552],[130.9197,-0.3055],[130.7311,-0.295],[130.676,-0.1726],[130.6207,-0.1458],[130.6229,-0.1201],[130.6665,-0.1171],[130.6115,-0.0969],[130.623,-0.0795],[130.6994,-0.0778],[130.6798,-0.0978],[130.7871,-0.1701],[130.7895,-0.2249],[130.8688,-0.2345],[130.9594,-0.3509],[131.0251,-0.3565],[131.1007,-0.3068],[131.242,-0.3809],[131.2453,-0.3402],[131.3406,-0.2907],[131.2963,-0.2403],[131.3182,-0.1964],[131.2995,-0.1594],[131.1949,-0.13],[131.1339,-0.0707],[131.0431,-0.0609],[131.049,-0.02],[130.9664,-0.062],[130.9553,-0.0336],[130.8129,-0.0064],[130.7378,-0.0244],[130.7815,-0.0518],[130.7096,-0.0625],[130.7277,-0.0285],[130.5866,-0.0612],[130.5697,-0.0393],[130.5784,-0.0753],[130.5119,-0.0501],[130.5257,-0.0687],[130.4482,-0.1004],[130.4379,-0.0748],[130.4123,-0.1145],[130.4049,-0.0769],[130.3688,-0.0757],[130.3644,-0.1365],[130.3536,-0.0793],[130.347,-0.1091],[130.296,-0.0934],[130.3028,-0.1741],[130.3641,-0.1889],[130.3388,-0.1406],[130.3899,-0.172],[130.4219,-0.1286],[130.4252,-0.1671],[130.3759,-0.1814],[130.4517,-0.1988],[130.3963,-0.2291],[130.348,-0.1945],[130.2233,-0.2154],[130.3085,-0.2421],[130.3178,-0.2726],[130.4287,-0.2605],[130.4379,-0.2901],[130.5192,-0.2421],[130.5475,-0.3517]]]]}},{"type":"Feature","properties":{"codes":["76"]},"geometry":{"type":"Polygon","coordinates":[[[119.5516,-0.8612],[119.4602,-1.0737],[119.3412,-1.1684],[119.3035,-1.2761],[119.3369,-1.3504],[119.2888,-1.3888],[119.2863,-1.4524],[119.3263,-1.5822],[119.2801,-1.6875],[119.363,-1.8566],[119.332,-1.9614],[119.2889,-1.9523],[119.2132,-1.9959],[119.1215,-2.3128],[119.1447,-2.4702],[119.0407,-2.5102],[119.0293,-2.5837],[118.9172,-2.6654],[118.8684,-2.6798],[118.8171,-2.6172],[118.7608,-2.7665],[118.7695,-2.8671],[118.8485,-2.8512],[118.8863,-2.8899],[118.8399,-3.079],[118.7963,-3.0711],[118.7758,-3.1041],[118.8293,-3.1704],[118.8455,-3.3788],[118.9395,-3.5705],[118.9655,-3.5449],[119.0005,-3.5632],[119.0199,-3.5159],[119.2354,-3.4832],[119.3027,-3.4258],[119.4778,-3.5011],[119.4397,-3.2653],[119.3972,-3.1918],[119.6319,-3.117],[119.5365,-2.941],[119.5274,-2.7929],[119.4955,-2.74],[119.6458,-2.7565],[119.7422,-2.7203],[119.7638,-2.6783],[119.7529,-2.6055],[119.7018,-2.5539],[119.7224,-2.5006],[119.6903,-2.4382],[119.7169,-2.3935],[119.6911,-2.3368],[119.5989,-2.2848],[119.6297,-2.1641],[119.8164,-2.0444],[119.8724,-1.9499],[119.8599,-1.8775],[119.9009,-1.8516],[119.905,-1.8004],[119.7549,-1.7564],[119.7759,-1.6933],[119.6566,-1.5031],[119.6942,-1.4503],[119.6206,-1.395],[119.5264,-1.4277],[119.4239,-1.3626],[119.5054,-1.3099],[119.4708,-1.287],[119.5811,-1.2561],[119.6097,-1.1204],[119.5867,-1.1196],[119.5496,-1.0065],[119.5516,-0.8612]]]}},{"type":"Feature","properties":{"codes":["13"]},"geometry":{"type":"MultiPolygon","coordinates":[[[[100.5031,-3.1624],[100.4891,-3.1429],[100.4923,-3.1855],[100.5324,-3.2008],[100.5031,-3.1624]]],[[[100.0184,-2.8124],[99.9972,-2.8306],[100.0207,-2.8511],[100.0507,-2.8155],[100.1452,-2.8406],[100.1416,-2.8083],[100.2231,-2.752],[100.1733,-2.6483],[99.9927,-2.5027],[99.9638,-2.5711],[100.0126,-2.6833],[99.9837,-2.7742],[100.0184,-2.8124]]],[[[100.1766,-2.8124],[100.1887,-2.9913],[100.233,-3.0577],[100.2554,-3.0481],[100.2484,-3.0816],[100.2915,-3.0808],[100.3332,-3.1327],[100.3271,-3.1785],[100.37,-3.2279],[100.3263,-3.2076],[100.3338,-3.2435],[100.4652,-3.347],[100.3753,-3.1803],[100.4109,-3.1942],[100.3594,-3.1631],[100.4719,-3.1434],[100.4476,-3.0252],[100.4714,-3.0197],[100.2364,-2.784],[100.1766,-2.8124]]],[[[99.2436,-1.8502],[99.2894,-1.8399],[99.2906,-1.8066],[99.2544,-1.7903],[99.2436,-1.8502]]],[[[98.8469,-0.9372],[98.7121,-0.9453],[98.6632,-0.9799],[98.6026,-1.2256],[98.8041,-1.5194],[98.8251,-1.6158],[98.8759,-1.6773],[99.1075,-1.8119],[99.1702,-1.7793],[99.2406,-1.7968],[99.2626,-1.7726],[99.2214,-1.6637],[99.2409,-1.6769],[99.2,-1.6409],[99.2202,-1.6253],[99.2805,-1.752],[99.2898,-1.6367],[99.2601,-1.5933],[99.2302,-1.6091],[99.1976,-1.5792],[99.2033,-1.5198],[99.1149,-1.4402],[99.1713,-1.4698],[99.1454,-1.3984],[99.1022,-1.3883],[99.0781,-1.2905],[99.0507,-1.2951],[99.0685,-1.2523],[99.0262,-1.2215],[99.0022,-1.1177],[98.9356,-1.0615],[98.9301,-0.9342],[98.8986,-0.9423],[98.898,-0.9058],[98.8469,-0.9372]]],[[[99.7386,-2.3698],[99.7112,-2.36],[99.7366,-2.3941],[99.7386,-2.3698]]],[[[99.8436,-2.3479],[99.7207,-2.1826],[99.7019,-2.085],[99.6262,-2.029],[99.5624,-2.0417],[99.5727,-2.1485],[99.5284,-2.154],[99.575,-2.2456],[99.5886,-2.2224],[99.6094,-2.2461],[99.6009,-2.2843],[99.6724,-2.2885],[99.7375,-2.345],[99.8376,-2.3645],[99.8597,-2.4027],[99.8436,-2.3479]]],[[[101.2925,-2.2771],[101.3067,-2.2183],[101.2726,-2.0824],[101.1393,-1.9055],[101.1226,-1.6775],[101.162,-1.6979],[101.1876,-1.6772],[101.2215,-1.7148],[101.4963,-1.6742],[101.5624,-1.5764],[101.6994,-1.4729],[101.7194,-1.4266],[101.6893,-1.3913],[101.7168,-1.3537],[101.6873,-1.2783],[101.7101,-1.2409],[101.8141,-1.215],[101.8861,-1.0997],[101.8252,-1.094],[101.8215,-0.9772],[101.6503,-0.9341],[101.5969,-0.8505],[101.3958,-0.7387],[101.3598,-0.6593],[101.2538,-0.6254],[101.1623,-0.5363],[101.0689,-0.5006],[101.0248,-0.3984],[101.0364,-0.3494],[100.9964,-0.3144],[100.915,-0.3257],[100.9075,-0.3717],[100.8465,-0.3394],[100.7762,-0.2138],[100.7618,-0.1412],[100.7927,-0.1003],[100.7338,-0.0432],[100.7767,-0.0124],[100.8092,-0.0411],[100.8454,0.0154],[100.8125,0.2685],[100.7553,0.2552],[100.497,0.4446],[100.3638,0.4102],[100.2591,0.4551],[100.1618,0.6257],[100.2082,0.7065],[100.1813,0.7544],[99.7128,0.895],[99.7039,0.8561],[99.7907,0.7798],[99.9149,0.5688],[99.9104,0.5],[99.7166,0.4541],[99.64,0.5472],[99.5875,0.5166],[99.503,0.5402],[99.4039,0.4916],[99.3269,0.3565],[99.2355,0.3277],[99.1656,0.2291],[99.1904,0.2538],[99.2629,0.2018],[99.2845,0.235],[99.353,0.2314],[99.3976,0.1501],[99.6056,0.0723],[99.742,-0.0311],[99.7481,-0.1453],[99.8177,-0.2996],[100.0519,-0.5169],[100.1278,-0.646],[100.3253,-0.8515],[100.3476,-0.9689],[100.3909,-1.0091],[100.3781,-1.0405],[100.4141,-1.0583],[100.3643,-1.0761],[100.3854,-1.1163],[100.3484,-1.1715],[100.3794,-1.1456],[100.3799,-1.1783],[100.4315,-1.2022],[100.4328,-1.2546],[100.407,-1.2368],[100.4007,-1.271],[100.4516,-1.2582],[100.5684,-1.3369],[100.5608,-1.3722],[100.5927,-1.3942],[100.5585,-1.4065],[100.5842,-1.4208],[100.5611,-1.4417],[100.6238,-1.5027],[100.6438,-1.6216],[100.864,-1.9279],[100.8799,-2.0495],[100.8205,-2.154],[100.8915,-2.3274],[101.0247,-2.4844],[101.2446,-2.3449],[101.2925,-2.2771]]]]}}]}